subject,version,assignmentId,instructions_time,total_time,gender,s1_bonus,use_s1,write_down,comments,tr_choices,tr_rt,tr_resp,tr_resp2,tr_resp_correct,tr_resp2_correct,stamp,id
aa1d5b03db0621cc7b9e52f923bd7d41,cs_wg_mon_conf_choice_neg_real1,3QY5DC2MXSR3L7PG4SQZ6ILSPK3UFJ,57736,419876,Female,826,No,No,no,NULL,NULL,NULL,NULL,NULL,NULL,6/5/19 12:19,12970
0606a6422ccf8697f3cdaf1ba5938c0e,cs_wg_mon_conf_choice_neg_real1,3HYA4D452SQU1VGEL8GT0ZQ06TK2F9,60163,459946,Male,949,No,No,I do not,NULL,NULL,NULL,NULL,NULL,NULL,6/5/19 12:20,12971
ef0ab7523742e158ec7d3963b238fdf7,cs_wg_mon_conf_choice_neg_real1,3K772S5NP9I6A7J09IZU5LB2JBNHEO,34928,457334,Male,957,No,No,,NULL,NULL,NULL,NULL,NULL,NULL,6/5/19 12:21,12972
d6220ba5dd432def120772e2e1454e3c,cs_wg_mon_conf_choice_neg_real1,3EICBYG6453N4FUC1RWKRAREBRECJV,37550,515885,Male,1011,No,No,,NULL,NULL,NULL,NULL,NULL,NULL,6/5/19 12:21,12973
313d98b69d3d4f352a3ffbef73ba44f9,cs_wg_mon_conf_choice_neg_real1,3OF2M9AATHVVNSB4BQG43NSCZYZZKF,86225,501146,Male,887,No,No,Good,NULL,NULL,NULL,NULL,NULL,NULL,6/5/19 12:21,12974
0139cd9fbefdf10ba048ff8923b8e13a,cs_wg_mon_conf_choice_neg_real1,3H8DHMCCWAISKR68J8R7CV99BGQDKV,78682,473020,Male,864,No,No,,NULL,NULL,NULL,NULL,NULL,NULL,6/5/19 12:21,12975
d5062a49bf0db1c385c0f222ebb4ba67,cs_wg_mon_conf_choice_neg_real1,3XUHV3NRVL56EOQ7YH6R1R5P6IO5HB,41071,457705,Female,983,No,No,"It was really fun to try and figure out which months were worth more, and to get the most points. An enjoyable hit, thanks so much!",NULL,NULL,NULL,NULL,NULL,NULL,6/5/19 12:22,12976
33d15458e3deedb1550b0f63887c6cab,cs_wg_mon_conf_choice_neg_real1,333U7HK6IAMX970Q1NRVBG9WWRQDJW,119638,520467,Male,858,No,No,Everything was great thank you for letting me participate.,NULL,NULL,NULL,NULL,NULL,NULL,6/5/19 12:22,12977
97f0244747728f90f985af0f5134c2b6,cs_wg_mon_conf_choice_neg_real1,36NEMU28XGKMJL62LF9DJWQY71RMWI,43795,537517,Male,1050,No,No,"Have a good day, researchers!",NULL,NULL,NULL,NULL,NULL,NULL,6/5/19 12:22,12978
65c24d0990f2c00efdeb0eda1a720966,cs_wg_mon_conf_choice_neg_real1,3WRFBPLXRBVVA5PENWDBRE41EY6N3C,70363,546374,Female,914,No,No,no,NULL,NULL,NULL,NULL,NULL,NULL,6/5/19 12:22,12979
a502708665d7f923db9acd8187705704,cs_wg_mon_conf_choice_neg_real1,3R3YRB5GRGA8PG88TC47SHA1S4RAUN,64808,603400,Male,1038,No,No,No comments.,NULL,NULL,NULL,NULL,NULL,NULL,6/5/19 12:23,12980
3672ba0dea8ca4c3af20936e2d0f55ae,cs_wg_mon_conf_choice_neg_real1,3U5NZHP4LS9A7Y8QIWF5ZXA6XIPHP9,53939,616012,Female,873,No,No,thank you!,NULL,NULL,NULL,NULL,NULL,NULL,6/5/19 12:23,12981
03b602885b5804bf01afc9a814a19c30,cs_wg_mon_conf_choice_neg_real1,3CTOC39K38XHSYZGAAO9BOZ0AGN7JX,75164,649066,Male,1057,No,No,No comments. ,NULL,NULL,NULL,NULL,NULL,NULL,6/5/19 12:24,12982
b007722bc37cd70d10475ac40ecc7b3c,cs_wg_mon_conf_choice_neg_real1,3LUY3GC6307DE92E5NTT8KLCJFT7PX,63104,682310,Male,1048,No,No,very interesting,NULL,NULL,NULL,NULL,NULL,NULL,6/5/19 12:24,12983
145a21fdb5bafa538b0f19fea5e40b91,cs_wg_mon_conf_choice_neg_real1,3JBT3HLQF99WYJ8KOILCZ4EBT85ZPG,89787,663337,Male,1008,No,No,Very interesting!  I've never done a survey like this before.,NULL,NULL,NULL,NULL,NULL,NULL,6/5/19 12:24,12984
4ce73caf0540517e6cee3a82ec10425e,cs_wg_mon_conf_choice_neg_real1,3R5F3LQFV3REDJWJ9I8XA49LJ39ZOZ,113480,708047,Male,1114,No,No,,NULL,NULL,NULL,NULL,NULL,NULL,6/5/19 12:24,12985
0588f4985fe8828b0ab3cc7b9047e4f8,cs_wg_mon_conf_choice_neg_real1,3G5W44VEU8PVWBGZLYSFIGC6O86KGC,66869,568781,Male,942,No,No,Thank you for allowing me to participate.,NULL,NULL,NULL,NULL,NULL,NULL,6/5/19 12:24,12986
01f9c492df46b84d0e30a2551492afaf,cs_wg_mon_conf_choice_neg_real1,3GGAI1SQEW5D5N0X4O9C72JVFL9CMZ,116362,694411,Male,819,No,No,Nice Study.,NULL,NULL,NULL,NULL,NULL,NULL,6/5/19 12:24,12987
adcee5ecf15a329d2c6291b5e01d7191,cs_wg_mon_conf_choice_neg_real1,3YGXWBAF71OX1XBRYK9GL82VTUO4CW,96403,702172,Female,1030,No,No,fun study,NULL,NULL,NULL,NULL,NULL,NULL,6/5/19 12:24,12988
01bccaa4dd71661a7bc855c50cc08033,cs_wg_mon_conf_choice_neg_real1,33OOO72IVISHIIQHDLAOTGEN9T5CT0,101983,704580,Male,1010,No,No,No comments.,NULL,NULL,NULL,NULL,NULL,NULL,6/5/19 12:24,12989
792de444e782773689cfe01b3b4b1748,cs_wg_mon_conf_choice_neg_real1,354P56DE9LAAR1I6X4XN3PQN6Z07SD,130833,713526,Female,920,No,No,,NULL,NULL,NULL,NULL,NULL,NULL,6/5/19 12:24,12990
4e647d8afe3ad4afee614629541a9bc4,cs_wg_mon_conf_choice_neg_real1,3GA6AFUKOPV30933KYIYMU75SMXH3X,60975,716075,Female,950,No,No,Nope!,NULL,NULL,NULL,NULL,NULL,NULL,6/5/19 12:24,12991
9fc361f9a98d3c0094182d9a50ebeba5,cs_wg_mon_conf_choice_neg_real1,30X31N5D64XSA3G44797DGSD776SAP,89243,655617,Female,912,No,No,great task,NULL,NULL,NULL,NULL,NULL,NULL,6/5/19 12:25,12992
5528af7ee0e138e557b032194547d5bf,cs_wg_mon_conf_choice_neg_real1,379J5II41PN8W32Q03ESXD490SWELS,67675,750041,Male,889,No,No,no comment,NULL,NULL,NULL,NULL,NULL,NULL,6/5/19 12:25,12993
15737b958a86bbc07d367a0122820b1f,cs_wg_mon_conf_choice_neg_real1,3C8HJ7UOP81QDGB7W2TKI0KGO3VMZ8,73786,610864,Male,986,No,No,,NULL,NULL,NULL,NULL,NULL,NULL,6/5/19 12:25,12994
acb9811940a7f4e9730d36be0a30e7fc,cs_wg_mon_conf_choice_neg_real1,38JBBYETQPHCYVV5UBFBBW2YE614EP,83105,734469,Male,993,No,No,no,NULL,NULL,NULL,NULL,NULL,NULL,6/5/19 12:25,12995
2a74d78b51669090f8a6d97909151eda,cs_wg_mon_conf_choice_neg_real1,3VD82FOHKRV15QL9H4OPZ680ALOCOE,80221,793821,Female,900,No,No,this was great,NULL,NULL,NULL,NULL,NULL,NULL,6/5/19 12:26,12996
febe35ef4e5436750dfae0694ab706e6,cs_wg_mon_conf_choice_neg_real1,3SPJ033422A07IVHXJE9O1JXEFWYJP,106526,562701,Female,923,No,No,,NULL,NULL,NULL,NULL,NULL,NULL,6/5/19 12:26,12997
8fb788f4b7f1947957247e54d49ad334,cs_wg_mon_conf_choice_neg_real1,3QY7M81QH8TC3I5YSVOLC3ZDP5NK79,83763,722383,Female,915,No,No,none,NULL,NULL,NULL,NULL,NULL,NULL,6/5/19 12:26,12998
9b1544bef9f96d79a951810764453784,cs_wg_mon_conf_choice_neg_real1,3JC6VJ2SACQR41ITSBWZK5ILTNYA55,124439,796826,Female,926,No,No,No,NULL,NULL,NULL,NULL,NULL,NULL,6/5/19 12:26,12999
cb7a97d1b84b2f7db47d0702c0552ad0,cs_wg_mon_conf_choice_neg_real1,3NJM2BJS4XDJQQXAW414O6DQKQKCPV,62406,720947,Male,921,Yes,No,,NULL,NULL,NULL,NULL,NULL,NULL,6/5/19 12:26,13000
cc6a2d2b667efa492ba164339eac64a9,cs_wg_mon_conf_choice_neg_real1,35GCEFQ6I6VPRU3XQKO5M1BAOCE3Z9,128962,776184,Female,959,No,No,,NULL,NULL,NULL,NULL,NULL,NULL,6/5/19 12:26,13001
350701e14e541d1d2e974801138baa47,cs_wg_mon_conf_choice_neg_real1,3WMOAN2SRC4FMERX76JHA9WK5IZNV9,73960,681827,Male,1094,No,No,It was fun.,NULL,NULL,NULL,NULL,NULL,NULL,6/5/19 12:26,13002
683a8784423082929bf4549678371ba8,cs_wg_mon_conf_choice_neg_real1,3OWEPKL08AJDBOQ1P8G14VGHJ0SN7H,68514,621620,Female,1003,No,No,no,NULL,NULL,NULL,NULL,NULL,NULL,6/5/19 12:26,13003
575b72a6389eaee6685a520a37ceb7c1,cs_wg_mon_conf_choice_neg_real1,3TE3O85731FR4LLNC3GNHO4J9HV2R4,78816,634963,Male,1021,No,No,No questions.,NULL,NULL,NULL,NULL,NULL,NULL,6/5/19 12:26,13004
71b9e5d3be0147c79ee924491bd791b1,cs_wg_mon_conf_choice_neg_real1,3QEMNNSB2Y64PCZO0E2Y8Q4N5WQ7DJ,53038,464346,Male,845,No,No,,NULL,NULL,NULL,NULL,NULL,NULL,6/5/19 12:26,13005
c6e6b8d0f24a8eca0431fee027778ccf,cs_wg_mon_conf_choice_neg_real1,32AT8R96GMGCPCU2ACQYDH47EAXUS2,71270,800699,Male,1029,No,No,no,NULL,NULL,NULL,NULL,NULL,NULL,6/5/19 12:26,13006
d9f95e4b4bb24a34da0eaf6b10a60f08,cs_wg_mon_conf_choice_neg_real1,3NXNZ5RS1B4SMMM7OYXWMULXEBB792,77071,810835,Male,940,No,No,I kept typing in the name of the month for the first question but the timer kept running,NULL,NULL,NULL,NULL,NULL,NULL,6/5/19 12:26,13007
922cdd7a04398b2a20d8a0ea057fef45,cs_wg_mon_conf_choice_neg_real1,3S96KQ6I9NBRNAWVDH5ZDMW5UTHDT1,45129,762076,Female,1048,No,No,,NULL,NULL,NULL,NULL,NULL,NULL,6/5/19 12:26,13008
a7645269c2219564d4519dd722f13cf1,cs_wg_mon_conf_choice_neg_real1,3WR9XG3T64IRPGGV73155MAHSJX473,102439,777720,Female,892,No,No,"I wish, wish, wish I could have written things down. I didn't, and it seemed to me that the months' points were given pretty randomly. Sometimes it seemed like the higher points had to do with which side the months were on, rather than the months themselves.",NULL,NULL,NULL,NULL,NULL,NULL,6/5/19 12:26,13009
9465c38635d14d19a28344227d8fe401,cs_wg_mon_conf_choice_neg_real1,3GNA64GUZFBJRHPAH7TLA5XQX5KQ5S,69784,723647,Male,1058,No,No,Lots of fun,NULL,NULL,NULL,NULL,NULL,NULL,6/5/19 12:26,13010
3e7f24fcab2e1790be89c88b2a8e253e,cs_wg_mon_conf_choice_neg_real1,37C0GNLMHGALLCLJH4X62C4RAL6D6Q,136121,786292,Male,979,No,No,"This was very interesting, thank you.",NULL,NULL,NULL,NULL,NULL,NULL,6/5/19 12:26,13011
d70d824270de5baca1aa20a78e3f95f3,cs_wg_mon_conf_choice_neg_real1,3WLEIWSYHPOEFR7KGY4T3K2DM8X2H7,118518,727734,Female,966,No,No,None,NULL,NULL,NULL,NULL,NULL,NULL,6/5/19 12:26,13012
40a64ca0c8614b08012ef94fb31cdd9b,cs_wg_mon_conf_choice_neg_real1,3PQ8K71NHYROA7UAN7NGSGY7L1ZAAB,42302,520234,Female,1029,No,No,no,NULL,NULL,NULL,NULL,NULL,NULL,6/5/19 12:27,13013
8f7653d451cf3a002900498bdf463d36,cs_wg_mon_conf_choice_neg_real1,3MHW492WW1K94W6XV54HXU7K0SPMV8,201383,734923,Female,809,No,No,no,NULL,NULL,NULL,NULL,NULL,NULL,6/5/19 12:27,13014
d1a0a583f6ea3f1795791b87b6991185,cs_wg_mon_conf_choice_neg_real1,3PQMUDRV7SDIM7W6BJ76QCA9BH9IIR,94081,776040,Female,946,No,No,Very interesting. ,NULL,NULL,NULL,NULL,NULL,NULL,6/5/19 12:27,13015
7beae255fd7d34f1cbf5d3515d72128b,cs_wg_mon_conf_choice_neg_real1,39ASUFLU6YE3WXJFEMHG87ZW716EXE,73925,839958,Male,997,No,No,I enjoyed this,NULL,NULL,NULL,NULL,NULL,NULL,6/5/19 12:27,13016
a791e7402ed884837ee8216b9a3122c6,cs_wg_mon_conf_choice_neg_real1,3DIP6YHAPDZDHWI76E5OS8I3GSXE86,59567,763311,Male,1072,No,No,"This was fun, interesting and challenging. Thanks and good luck with your research, and bonuses are always appreciated.",NULL,NULL,NULL,NULL,NULL,NULL,6/5/19 12:27,13017
94a9cfb42f74b4de83d1fd3967c76ece,cs_wg_mon_conf_choice_neg_real1,35K3O9HUACKMWBSUESBU20ZP3WAFEO,76468,821469,Female,1033,Yes,No,,NULL,NULL,NULL,NULL,NULL,NULL,6/5/19 12:28,13018
e5d0301fef9cb79be515ad3cf0f51345,cs_wg_mon_conf_choice_neg_real1,3Y5140Z9DYNA3TJAOEXQZ9BLXV4PIA,63789,808291,Female,1015,No,No,This was hard and interesting,NULL,NULL,NULL,NULL,NULL,NULL,6/5/19 12:28,13019
f764987cb7c15221b700808cd74b8a8e,cs_wg_mon_conf_choice_neg_real1,3VELCLL3GLQNCAYI24GFVGGVEN71FS,58312,695476,Male,1017,No,No,"I enjoyed this, thank you!",NULL,NULL,NULL,NULL,NULL,NULL,6/5/19 12:28,13020
52d09e4fbcee55977d5d9b3dc1b536ae,cs_wg_mon_conf_choice_neg_real1,3S0TNUHWKUP8PQ47AJU4MQ0IGGWD8C,168127,667806,Female,840,No,No,,NULL,NULL,NULL,NULL,NULL,NULL,6/5/19 12:28,13021
93ab53f6f7fa915e1b3627d26a2aebf5,cs_wg_mon_conf_choice_neg_real1,35DR22AR5ER0MZ3IP20KPGVZGCFX35,73676,696510,Female,1091,No,No,no,NULL,NULL,NULL,NULL,NULL,NULL,6/5/19 12:28,13022
1ff16cb968c4e69fb8a28a2d6393b7d8,cs_wg_mon_conf_choice_neg_real1,3LWJHTCVCDTBTEIZNJ6UWHO3MZYQFB,85840,777158,Male,1072,Yes,No,I wonder if this is this somehow related to the seasons of the year.,NULL,NULL,NULL,NULL,NULL,NULL,6/5/19 12:28,13023
f6377f957e2e3b1f18a66392fd98229f,cs_wg_mon_conf_choice_neg_real1,3IFS6Q0HJJQ7GLZ2GV1KUEGWKFBISJ,69216,786521,Male,1015,No,No,No.,NULL,NULL,NULL,NULL,NULL,NULL,6/5/19 12:28,13024
d6e1e36a87df9fb3d16c7415438a7c53,cs_wg_mon_conf_choice_neg_real1,3W92K5RLWVOBWPLR36NVGSWYEXZV5R,165446,809108,Female,931,No,No,no,NULL,NULL,NULL,NULL,NULL,NULL,6/5/19 12:28,13025
91f01d56e0ef3b5a99334a6c914ad292,cs_wg_mon_conf_choice_neg_real1,3SLE99ER0OKUUP7A5D3B4K9MC4QZBV,90711,839785,Male,1069,No,No,no problems,NULL,NULL,NULL,NULL,NULL,NULL,6/5/19 12:28,13026
94415cb36fabaf6e95aa9d2b98fe8503,cs_wg_mon_conf_choice_neg_real1,3WYGZ5XF3XMYMGPQGYMW7UV9CJ0SK4,78309,840374,Female,1023,No,No,no,NULL,NULL,NULL,NULL,NULL,NULL,6/5/19 12:28,13027
e03e48c647a10b80ffed5a89cc725039,cs_wg_mon_conf_choice_neg_real1,32M8BPYGAUT4QGQBLV7350XTW4HIGZ,49136,510442,Male,963,No,No,None!,NULL,NULL,NULL,NULL,NULL,NULL,6/5/19 12:28,13028
dd1e7f800c7b8525151b2a6835f52d7d,cs_wg_mon_conf_choice_neg_real1,3UXUOQ9OKF46R5WCG4BWIPWHKTTA7K,125456,753816,Female,815,No,No,I really could not keep track of the value of the months. It seemed very difficult to remember with the constant information flashing and changes.,NULL,NULL,NULL,NULL,NULL,NULL,6/5/19 12:28,13029
bc98df1cc3c208a722f227fb2030f73a,cs_wg_mon_conf_choice_neg_real1,35GMH2SV3FOG2O5NDVUKPU83VX1EO9,72000,835987,Female,872,No,No,no,NULL,NULL,NULL,NULL,NULL,NULL,6/5/19 12:28,13030
31f6c007bacf045f9e15afeba6eb0962,cs_wg_mon_conf_choice_neg_real1,3VAR3R6G1Q8ZTNVW0S8KXKCHKU38O4,82178,702905,Male,855,No,No,What did I just do? I'm interested.,NULL,NULL,NULL,NULL,NULL,NULL,6/5/19 12:28,13031
fc06126c3f63e296c7fde3e55383f9e6,cs_wg_mon_conf_choice_neg_real1,37Z929RLGAFXPZFDA70O8LI5VWRTSB,87627,677495,Female,812,No,No,Well this was a weird one.,NULL,NULL,NULL,NULL,NULL,NULL,6/5/19 12:28,13032
23fd6ac0a06a9f59d8fedd462b05e8cb,cs_wg_mon_conf_choice_neg_real1,386CSBG1O0TFALPOMQ3Q2BBQT0VQ68,146019,704934,Male,1006,No,No,,NULL,NULL,NULL,NULL,NULL,NULL,6/5/19 12:29,13033
4737d0a0370e126209d3236cea5ab66f,cs_wg_mon_conf_choice_neg_real1,3FTOP5WARGV3ANZWPB30W9PD22I0JR,93928,769744,Male,1079,No,No,The study was quite fun and interesting.,NULL,NULL,NULL,NULL,NULL,NULL,6/5/19 12:29,13034
57991ae2bcfa59aeae01ce6bafa20a46,cs_wg_mon_conf_choice_neg_real1,3X87C8JFV7IKXJNLT36T3G7IBPSSQW,85096,857975,Female,907,No,No,"Thank you for the opportunity, have a great day!",NULL,NULL,NULL,NULL,NULL,NULL,6/5/19 12:29,13035
98fcc8f28a7e7bf721ff80e639187d74,cs_wg_mon_conf_choice_neg_real1,31QTRG6Q2UKWTTYFSWJTLX59NE2PYG,127456,883981,Female,979,No,No,This was fun!,NULL,NULL,NULL,NULL,NULL,NULL,6/5/19 12:29,13036
a99c7c04bb86b1fea9635904e2e4ad46,cs_wg_mon_conf_choice_neg_real1,3HWRJOOET69V0GXGKCBT9ZI4SM4SEK,111334,890789,Male,990,No,No,No comments,NULL,NULL,NULL,NULL,NULL,NULL,6/5/19 12:29,13037
91d0c857b88006fd8110c5eef2c0ecb2,cs_wg_mon_conf_choice_neg_real1,3TXMY6UCAFV4Q2YPWHGTOB30PM6CQM,89408,958246,Female,1028,No,No,none,NULL,NULL,NULL,NULL,NULL,NULL,6/5/19 12:29,13038
5dd9cc0ed2362365490f8186bc5ef95a,cs_wg_mon_conf_choice_neg_real1,3DBQWDE4Y75YOKCI1F146B2LSUXN52,180515,928362,Male,875,No,No,no,NULL,NULL,NULL,NULL,NULL,NULL,6/5/19 12:29,13039
a49b4b6bca93b2cebcfb5d8b380a1593,cs_wg_mon_conf_choice_neg_real1,3HRMW88U17XTBV5HS8GSC1HU6WD0MV,96327,621926,Female,952,No,No,,NULL,NULL,NULL,NULL,NULL,NULL,6/5/19 12:29,13040
91aaee6c8f409274be7c423c16d719c3,cs_wg_mon_conf_choice_neg_real1,3R8YZBNQ9IPYEL3T508I8PBMOBF7QO,73644,870739,Female,970,No,No,"No, just been unusaual.",NULL,NULL,NULL,NULL,NULL,NULL,6/5/19 12:29,13041
246ba2c4a1f0217e9fdc82459711e9c5,cs_wg_mon_conf_choice_neg_real1,3VE8AYVF8N45NAI31PPUAQ33STC8FI,92864,882167,Male,1023,No,No,no I do not,NULL,NULL,NULL,NULL,NULL,NULL,6/5/19 12:29,13042
868e086ea21cd4014edb00736f7ba8f5,cs_wg_mon_conf_choice_neg_real1,37UQDCYH6Y2QJTZARZ2SECAU53UV76,47305,889730,Female,921,No,No,thanks it all helps disabled get so little all goes for rent ulties trash cat needs etc thanks so much,NULL,NULL,NULL,NULL,NULL,NULL,6/5/19 12:30,13043
a9c0956b473f3faeda6bbaf2cbac32a1,cs_wg_mon_conf_choice_neg_real1,3OVR4I9USQQ1VYLA32AB5DRCX9P4Q1,73311,1018205,Female,975,No,No,no,NULL,NULL,NULL,NULL,NULL,NULL,6/5/19 12:30,13044
0fdf4a969469fa3cede49637a1d740fe,cs_wg_mon_conf_choice_neg_real1,3OS4RQUCRAMOP8GA41941ST40ZXBFK,163463,1001410,Female,901,No,No,,NULL,NULL,NULL,NULL,NULL,NULL,6/5/19 12:30,13045
3d361dcda58a848a3fceb2a596cc19a9,cs_wg_mon_conf_choice_neg_real1,3PZDLQMM0USNYJW4U6QSST5X9GS2CY,226842,970852,Male,1018,No,No,N/A - Thanks,NULL,NULL,NULL,NULL,NULL,NULL,6/5/19 12:30,13046
46069a952754aca388d18129bfd46f6d,cs_wg_mon_conf_choice_neg_real1,3IQ1VMJRYURA5OK5V19GWLNNFJHA9W,41687,1094603,Male,892,No,No,,NULL,NULL,NULL,NULL,NULL,NULL,6/5/19 12:31,13047
215eb97e51116b75271eba376b6a53dd,cs_wg_mon_conf_choice_neg_real1,3AWETUDC93Z4HXLGBNVSQ7DZ7UAZI4,159007,932424,Male,962,Yes,No,VERY INTERESTING STUDY ,NULL,NULL,NULL,NULL,NULL,NULL,6/5/19 12:31,13048
630e014f43a78adc1a292826f4d1c282,cs_wg_mon_conf_choice_neg_real1,3KOPY89HM99ZRFYT8YLJY7NK5E1J34,75812,719997,Male,1043,No,No,no,NULL,NULL,NULL,NULL,NULL,NULL,6/5/19 12:31,13049
e2e3c1bdf74456288aa1ea07bb54a373,cs_wg_mon_conf_choice_neg_real1,3MH9DQ757XJ9Z7LBFCWHO3L4QZ3UGI,96909,814809,Male,836,No,No,,NULL,NULL,NULL,NULL,NULL,NULL,6/5/19 12:32,13050
d045f7d79d679a001954320462d4ef40,cs_wg_mon_conf_choice_neg_real1,3ERMJ6L4DZZ7T651D711RGRHEAI7M1,102084,1074254,Female,990,No,No,Thank you.,NULL,NULL,NULL,NULL,NULL,NULL,6/5/19 12:33,13051
83c0b73c9ab49fec14345a1c6b769ec0,cs_wg_mon_conf_choice_neg_real1,3Z4AIRP3C7K4CWP32YM11NG2IS1X1D,75536,1258022,Female,1037,No,No,i have no other comments,NULL,NULL,NULL,NULL,NULL,NULL,6/5/19 12:34,13052
472fb5f31b2df81628ada1f8fe2571bf,cs_wg_mon_conf_choice_neg_real1,3M0BCWMB8W3Q0U25UQJ45GF4V2OBWJ,101993,880737,Female,894,Yes,Yes,Intresting,NULL,NULL,NULL,NULL,NULL,NULL,6/5/19 12:34,13053
4400595d835ddccb16ab358798e9de19,cs_wg_mon_conf_choice_neg_real1,39PAAFCODN7DHRWH425TJ82CU0LVTI,136090,941649,Male,1059,No,No,"No, it worked fine.",NULL,NULL,NULL,NULL,NULL,NULL,6/5/19 12:34,13054
d70414c5cae8fef8bf26f8a44d784c1a,cs_wg_mon_conf_choice_neg_real1,3TU5ZICBRE82EZ8CF50OMP7HZVLQ8U,123797,968859,Male,976,No,No,I like this research because of its rationalizing nature,NULL,NULL,NULL,NULL,NULL,NULL,6/5/19 12:34,13055
2bf983382a921ec7ac6e075966f6ad62,cs_wg_mon_conf_choice_neg_real1,3TAYZSBPLMF350L0RSGS7Y9FVJFS2J,89653,678070,Male,991,No,No,great hit,NULL,NULL,NULL,NULL,NULL,NULL,6/5/19 12:34,13056
fb86f63977a837056ec62ede6d509760,cs_wg_mon_conf_choice_neg_real1,3L0KT67Y8FNT6LE7KDNNG2AKAY9SYZ,138912,1117387,Male,1096,No,No,None,NULL,NULL,NULL,NULL,NULL,NULL,6/5/19 12:35,13057
fc84b7cb1752179d2c236257cdd43442,cs_wg_mon_conf_choice_neg_real1,32SVAV9L3GGOQMVPES8658K1FR7A3F,280130,1010393,Female,1021,No,No,"No it was fun, I ran out of time on the question of what month was best choice, i chose April, but ran out of time because I changed my mind from August :)",NULL,NULL,NULL,NULL,NULL,NULL,6/5/19 12:35,13058
63b7dceac5069e991565ad20b14b10df,cs_wg_mon_conf_choice_neg_real1,3RRCEFRB7NJERSJLKKDLAOWDB9O4BP,191710,988150,Female,998,No,No,"No, thank you!!",NULL,NULL,NULL,NULL,NULL,NULL,6/5/19 12:35,13059
0f1e0cfe66e80139b2fb27c4d8a033c7,cs_wg_mon_conf_choice_neg_real1,3JPSL1DZ5T6VUQOZWBSLEMI7K8YANV,24407,328431,Male,860,No,No,no,NULL,NULL,NULL,NULL,NULL,NULL,6/5/19 12:36,13060
4a1eefef6a78750d31e2d3b82ae5d5b4,cs_wg_mon_conf_choice_neg_real1,3DY46V3X3QPUYV6CXF5ICU2Z19X55U,107048,1330689,Female,818,No,No,,NULL,NULL,NULL,NULL,NULL,NULL,6/5/19 12:36,13061
1b25bcc0850d7e29cd083df666caba90,cs_wg_mon_conf_choice_neg_real1,373ERPL3YPFLOKF0VI0JIBD99U7RTK,94609,715954,Male,1078,No,No,thank you!,NULL,NULL,NULL,NULL,NULL,NULL,6/5/19 12:37,13062
6c257614e0575f9ef8e3d5af08f936dc,cs_wg_mon_conf_choice_neg_real1,3MX2NQ3YCA130EQM3LOD4DTJU86X5V,137607,740976,Female,997,No,No,,NULL,NULL,NULL,NULL,NULL,NULL,6/5/19 12:39,13063
4465f4e68db22c6c197bdbdc3106efab,cs_wg_mon_conf_choice_neg_real1,3EFE17QCRDC7KQOIADJZU2FHK2WHSP,201623,736352,Female,932,No,No,Nope!,NULL,NULL,NULL,NULL,NULL,NULL,6/5/19 12:39,13064
cba645e780f3a5f9d3e13b31ace1df49,cs_wg_mon_conf_choice_neg_real1,33CID5710505M5MTBJXWEM0C938L3A,100368,620814,Female,803,No,No,Very well arranged survey ,NULL,NULL,NULL,NULL,NULL,NULL,6/5/19 12:39,13065
73e424d79e3ca8f7d3cc8c8244d30878,cs_wg_mon_conf_choice_neg_real1,3OSWBBLG1F4Y4R5FIR6W2PHB7P4XD3,104756,1640008,Female,1099,No,No,no,NULL,NULL,NULL,NULL,NULL,NULL,6/5/19 12:40,13066
51791129ed2d04824576b6e46ba9d305,cs_wg_mon_conf_choice_neg_real1,3X0H8UUIT2VPHGJ75C5ZV5P4ZQ8WS3,73501,820606,Male,1102,No,No,have the two selection keys closer together so you can select them with one hand and click the next button with the other. ,NULL,NULL,NULL,NULL,NULL,NULL,6/5/19 12:40,13067
f47ac7b9ea7e3f732912e21a5145a893,cs_wg_mon_conf_choice_neg_real1,3PH3VY7DJM4MIS5L04Z7RYM7M58WZ8,33513,543017,Male,972,No,No,,NULL,NULL,NULL,NULL,NULL,NULL,6/5/19 12:41,13068
67a2ed4482769f5bf004855e2df4fdfe,cs_wg_mon_conf_choice_neg_real1,32Z9ZLUT1MRSMYWP3W2QAX5GNDTHOS,262111,1405267,Female,979,No,No,"I thought this was one of the  most exciting surveys I've done in quite some time. Thank you for allowing me the opportunity to experience this.  Have a great week & summer !

Jean",NULL,NULL,NULL,NULL,NULL,NULL,6/5/19 12:41,13069
99b977df227b9a61fa9cf7e45403e6f3,cs_wg_mon_conf_choice_neg_real1,3HUTX6F6VVUO78T7KBZJNTZEYUB2OV,54869,594775,Female,1008,No,No,No,NULL,NULL,NULL,NULL,NULL,NULL,6/5/19 12:42,13070
c83ecae9801a2297a2055bc7c9658b32,cs_wg_mon_conf_choice_neg_real1,3IAS3U3I0GN4OE4YG6UXH9ZFRVS2BR,66254,536179,Male,903,No,No,Thank you so much for having me today!,NULL,NULL,NULL,NULL,NULL,NULL,6/5/19 12:42,13071
9a0f02d5e86c67100757cfe642009fd0,cs_wg_mon_conf_choice_neg_real1,3KKG4CDWKJ5V3Z4OM0ZPJI1NN9L49F,100758,1084592,Female,1053,No,No,Easy to follow along and fun,NULL,NULL,NULL,NULL,NULL,NULL,6/5/19 12:42,13072
309f6e1d804402f9b7fa111a58cd3ce7,cs_wg_mon_conf_choice_neg_real1,3DPNQGW4LMM8LG2QOTWDZ8ALX8D464,45907,410802,Male,886,No,No,I do not know,NULL,NULL,NULL,NULL,NULL,NULL,6/5/19 12:45,13073
c92997d8fe5432ef48d4cb9d8f85d723,cs_wg_mon_conf_choice_neg_real1,37M28K1J0RKZB0XEHD0TLF1QBOTAJR,83846,609387,Female,913,No,No,I thought this was fairly interesting.,NULL,NULL,NULL,NULL,NULL,NULL,6/5/19 12:46,13074
d0ccce9461ccc76063a9369e11f4dd75,cs_wg_mon_conf_choice_neg_real1,3ZAZR5XV02PD4UZGJDZ6F4F4UPQZC2,121997,726531,Male,1049,No,No,nothing to add,NULL,NULL,NULL,NULL,NULL,NULL,6/5/19 12:47,13075
09cf9580dec49b077ee9770a88e8df41,cs_wg_mon_conf_choice_neg_real1,3BWI6RSP7HG9HIDOW9DIE8M858R7EC,154721,956642,Male,982,No,No,no,NULL,NULL,NULL,NULL,NULL,NULL,6/5/19 12:47,13076
92edcfba76dd985512df9f92c050d52e,cs_wg_mon_conf_choice_neg_real1,3LQ8PUHQFMZIQCLM51PLQ09UB4UHIX,76465,947880,Female,1041,No,No,no,NULL,NULL,NULL,NULL,NULL,NULL,6/5/19 12:48,13077
9096746f23519bd4ab0dabb1ac55e6ae,cs_wg_mon_conf_choice_neg_real1,37TD41K0AIGG3ID2OL5YJBI17ARCSB,86911,725520,Male,1003,No,No,nothing further to add,NULL,NULL,NULL,NULL,NULL,NULL,6/5/19 12:49,13078
29422e4ea0bba9e443849ab80ee508e6,cs_wg_mon_conf_choice_neg_real1,3LBXNTKX0S2M11SY6B1UGTYLG4PX9M,25037,748422,Female,1040,No,No,,NULL,NULL,NULL,NULL,NULL,NULL,6/5/19 12:50,13079
767b4ec80f793aec8fb8ccf297b115cd,cs_wg_mon_conf_choice_neg_real1,3LEP4MGT3H7RRO2EDVEEDSQJOMKBDC,34936,744222,Male,896,Yes,Yes,this study is very very like,NULL,NULL,NULL,NULL,NULL,NULL,6/5/19 12:51,13080
69586c7c19b9c41e1fb91a45c6ad9d1d,cs_wg_mon_conf_choice_neg_real1,35BLDD71I749335GAUUB5W3TFW6ZV1,80358,898627,Male,1034,No,No,Interesting study.,NULL,NULL,NULL,NULL,NULL,NULL,6/5/19 12:52,13081
5a5909e0a2d8675b951bb8574e967d62,cs_wg_mon_conf_choice_neg_real1,34MAJL3QP5U9OXF85RYFS5Y1NHB43Y,72231,727320,Male,1050,No,No,Great study!,NULL,NULL,NULL,NULL,NULL,NULL,6/5/19 12:55,13082
c9a66f27e1ceced4bf6de7e003821e9d,cs_wg_mon_conf_choice_neg_real1,3XUHV3NRVL56EOQ7YH6R1R5P6IOH5N,86416,629712,Female,1016,No,No,I do not have any comments at this time,NULL,NULL,NULL,NULL,NULL,NULL,6/5/19 12:56,13083
4c220e287216a2caa8016945b120d1fc,cs_wg_mon_conf_choice_neg_real1,3137ONMDKHCSABOPPCHCKLZ14BAEGM,135516,653233,Male,918,No,No,,NULL,NULL,NULL,NULL,NULL,NULL,6/5/19 12:59,13084
b936fcf77fd93c1aaeb4df5af494744a,cs_wg_mon_conf_choice_neg_real1,3VHHR074H4ONNONGDV0MR3CSE5S7LZ,55791,892792,Male,1073,No,No,,NULL,NULL,NULL,NULL,NULL,NULL,6/5/19 12:59,13085
63808be1c63fd7efa2d45a5cb4af1842,cs_wg_mon_conf_choice_neg_real1,3A9AA95ATXTYR5OVHUEWA07GS91P53,185506,918514,Male,1077,No,No,cool beans ,NULL,NULL,NULL,NULL,NULL,NULL,6/5/19 13:00,13086
0a518354f325545f8c4d87140d258cb0,cs_wg_mon_conf_choice_neg_real1,3UOUJI6MTELKLTG14MWLCPLZTP0UXB,78205,469097,Male,862,No,No,,NULL,NULL,NULL,NULL,NULL,NULL,6/5/19 13:01,13087
9f9274320ba2d44ea4cd6f1756889743,cs_wg_mon_conf_choice_neg_real1,38JBBYETQPHCYVV5UBFBBW2YE61E4Z,115601,779787,Other,1043,No,No,I found the study to be engaging and fun. I did not encounter any problems.,NULL,NULL,NULL,NULL,NULL,NULL,6/5/19 13:03,13088
5ac7fbfeee301665ee291cb2d9b2efb5,cs_wg_mon_conf_choice_neg_real1,3C2NJ6JBKBO6PNTVJWZ684Z98K62NG,120595,3067018,Female,979,No,No,,NULL,NULL,NULL,NULL,NULL,NULL,6/5/19 13:04,13089
3dd3d0658ef341267313d8148e62bc6c,cs_wg_mon_conf_choice_neg_real1,32XVDSJFP040758V7VK6VPA93UW2MG,226525,844816,Female,932,No,No,"surprisingly fun, that was refreshing. thanks!",NULL,NULL,NULL,NULL,NULL,NULL,6/5/19 13:05,13090
000547a3988cbabc201f1ba00cedf11f,cs_wg_mon_conf_choice_neg_real1,3B1NLC6UG03W72DFYQXNEXY5IICPGI,167471,1592415,Male,1057,No,No,no,NULL,NULL,NULL,NULL,NULL,NULL,6/5/19 13:05,13091
17b37fdead24940016a88b52252fcde2,cs_wg_mon_conf_choice_neg_real1,3TK8OJTYM2SFPZ3ANLW9EY1F5X0PV7,40468,519347,Female,989,No,No,no,NULL,NULL,NULL,NULL,NULL,NULL,6/5/19 13:07,13092
0efd4dc2a0e5ee86a967067fe9ef9545,cs_wg_mon_conf_choice_neg_real1,3RRCEFRB7NJERSJLKKDLAOWDB9OB4W,98720,1204762,Female,1132,No,No,none,NULL,NULL,NULL,NULL,NULL,NULL,6/5/19 13:09,13093
8e14befbeffb3248062e95aefa00982b,cs_wg_mon_conf_choice_neg_real1,3Z3ZLGNNSJ1GD2263O5SV8Z6J9UQ33,317539,910966,Female,974,No,No,,NULL,NULL,NULL,NULL,NULL,NULL,6/5/19 13:11,13094
ad51aec9577bfe5d79331e2401fd7f4d,cs_wg_mon_conf_choice_neg_real1,33LK57MYLUCTBBOCGZP6U9JMGSCZSW,65783,724451,Male,884,No,No,No,NULL,NULL,NULL,NULL,NULL,NULL,6/5/19 13:14,13095
04b157ee2bd0e26eaa3b97eddf4e22c2,cs_wg_mon_conf_choice_neg_real1,3LRLIPTPERGUMK3WZY05MU13QDZAKW,50715,532805,Female,1008,No,No,Thank you!,NULL,NULL,NULL,NULL,NULL,NULL,6/5/19 13:16,13096
c0c39a555a9d772b85aff12a195872a6,cs_wg_mon_conf_choice_neg_real1,3DPNQGW4LMM8LG2QOTWDZ8ALX8I469,397341,1356320,Male,916,Yes,No,The survey is very enjoyful,NULL,NULL,NULL,NULL,NULL,NULL,6/5/19 13:22,13097
87fb85e89d2b87e37dc90d0bf2159a9c,cs_wg_mon_conf_choice_neg_real1,3MD9PLUKKJLWVYW7838KVF9GTTCZNS,52722,575403,Male,971,No,No,"Everything works, thank you.  Seemed that the earlier months generally paid better, except for July/December which were almost always the higher of the pair.",NULL,NULL,NULL,NULL,NULL,NULL,6/5/19 13:23,13098
2a13a769e237299d2cd7ac70ee2756df,cs_wg_mon_conf_choice_neg_real1,3DHE4R9OCXI0FVC9WSMBIKQC78K2G8,72798,736112,Female,931,No,No,Thanks,NULL,NULL,NULL,NULL,NULL,NULL,6/5/19 13:26,13099
2c598a59c17d2898b881c63e3139696c,cs_wg_mon_conf_choice_neg_real1,3T111IHZ5FX2456MXCV2RBCXFNA9R8,49216,555779,Female,1033,No,No,,NULL,NULL,NULL,NULL,NULL,NULL,6/5/19 13:31,13100
62590a064e5170287badcb55ef4927d4,cs_wg_mon_conf_choice_neg_real1,379J5II41PN8W32Q03ESXD490S1ELX,136750,1044145,Female,966,No,No,N/A,NULL,NULL,NULL,NULL,NULL,NULL,6/5/19 13:35,13101
59deac343ea2a9d128767aaefccceee4,cs_wg_mon_conf_choice_neg_real1,373ERPL3YPFLOKF0VI0JIBD99U9RTM,72603,630048,Male,919,Yes,No,just thanks!,NULL,NULL,NULL,NULL,NULL,NULL,6/5/19 13:37,13102
0512c35574cf0fe0e6bf4b1816dc4665,cs_wg_mon_conf_choice_neg_real1,31T4R4OBOTNUKKTA0I7NOKM5KWGC7Q,97830,1069698,Male,1062,No,No,"the focus got shifted out of the input field on the timed page when a 15 second warning came up
in addition to the time pressure, that was a little unfair.
I was able to remember to use the shift key and space
but having a next button for every choice while requiring key input too is always bad",NULL,NULL,NULL,NULL,NULL,NULL,6/5/19 13:37,13103
94346235f869f8be826c8261bc17a024,cs_wg_mon_conf_choice_neg_real1,3HWRJOOET69V0GXGKCBT9ZI4SMEESG,75782,569412,Female,840,No,No,no,NULL,NULL,NULL,NULL,NULL,NULL,6/5/19 13:38,13104
5fc63d1fbaf03cf3340c1b05a0678e10,cs_wg_mon_conf_choice_neg_real1,3BV8HQ2ZZX8NN5I7XU64CBWLPI9A6L,79392,543382,Male,937,No,No,,NULL,NULL,NULL,NULL,NULL,NULL,6/5/19 13:41,13105
2ff53f85b0cabba06e4e046151911f8e,cs_wg_mon_conf_choice_neg_real1,386PBUZZXG4G7JOIE4PJUTH1500LJS,77801,766666,Male,1028,No,No,"Interesting study. Thank you, and good luck with your research!",NULL,NULL,NULL,NULL,NULL,NULL,6/5/19 13:41,13106
feb6494ce5ca78d031449466d5a65e86,cs_wg_mon_conf_choice_neg_real1,33TIN5LC05HB16I8B7NWZ75UIAS9YD,78386,603070,Male,912,No,No,None. Fun survey.,NULL,NULL,NULL,NULL,NULL,NULL,6/5/19 13:42,13107
b0fe66a203b64dfaa5219940dad226e4,cs_wg_mon_conf_choice_neg_real1,33PPUNGG39CHAWOZ1AP14ZEQUQYRZ5,153110,869636,Female,1103,No,No,It was very interesting. I would like the space bar or something as the advance. It was really time consuming to have to click the mouse for next over and over.,NULL,NULL,NULL,NULL,NULL,NULL,6/5/19 13:43,13108
842835d00356cefce4c856db0c859733,cs_wg_mon_conf_choice_neg_real1,3O6CYIULEE85WTBBUH0ZA67SKN1UWP,175026,1082779,Female,920,No,No,Interesting survey!,NULL,NULL,NULL,NULL,NULL,NULL,6/5/19 13:44,13109
22a7d158badad91f5e1366d10f2a92b9,cs_wg_mon_conf_choice_neg_real1,3SPJ033422A07IVHXJE9O1JXEFWJYA,49038,426158,Female,915,Yes,Yes,very interesting,NULL,NULL,NULL,NULL,NULL,NULL,6/5/19 13:44,13110
d047620767295e52b451b9d138af0ed8,cs_wg_mon_conf_choice_neg_real1,39JEC7537V8WVAU6IGA3UY286ELCVG,86903,917963,Male,1102,No,No,No comments other than it was very enjoyable. Thanks.,NULL,NULL,NULL,NULL,NULL,NULL,6/5/19 13:47,13111
e5f9dc7ef4e232d7fb6f2cb2827b744a,cs_wg_mon_conf_choice_neg_real1,3RKNTXVS3N598IETE6DPFDC7TR3A40,44452,816275,Male,975,Yes,No,very fun! thanks,NULL,NULL,NULL,NULL,NULL,NULL,6/5/19 13:56,13112
4c28d82b2c1f67f930823dc5db4337ac,cs_wg_mon_conf_choice_neg_real1,3OS46CRSLG67FTL58PX08YAYASK6VS,146524,1075308,Female,940,No,No,The study is interesting. Thank you for posting the HIT.,NULL,NULL,NULL,NULL,NULL,NULL,6/5/19 13:56,13113
90e4387d38cf2d202dcd107799116027,cs_wg_mon_conf_choice_neg_real1,3QJOXOW4XKYS2LKB0FF7XQJY0XNME3,113617,1070548,Female,853,No,No,good and interesting,NULL,NULL,NULL,NULL,NULL,NULL,6/5/19 13:57,13114
5c9cfc553ee7c73646fade4630a1e873,cs_wg_mon_conf_choice_neg_real1,30X31N5D64XSA3G44797DGSD77HSA0,28915,493603,Female,888,Yes,Yes,very interesting,NULL,NULL,NULL,NULL,NULL,NULL,6/5/19 13:59,13115
3b462e7a5f3459b379d5e994d6417c5e,cs_wg_mon_conf_choice_neg_real1,3U4J9857OFIBAF14MIBSD0GN2BE7BC,97057,515108,Female,822,No,No,,NULL,NULL,NULL,NULL,NULL,NULL,6/5/19 14:01,13116
1f6ae04d88f06ffdffc544c4768b4566,cs_wg_mon_conf_choice_neg_real1,3C6FJU71TR09LY6B9IINV3S8VV1UYO,79730,908354,Male,1021,No,No,"I really concetrated on the ""good"" months so I'm really not sure which was the ""worst"" month.",NULL,NULL,NULL,NULL,NULL,NULL,6/5/19 14:14,13117
1ea58f2da567c26abbadfd5e7e1dd1a1,cs_wg_mon_conf_choice_neg_real1,3FTF2T8WLSP7C1N8W658EAKE72S9WE,111395,741818,Male,1020,No,No,,NULL,NULL,NULL,NULL,NULL,NULL,6/5/19 14:19,13118
6fc6baaaf4dcd9a93af0354ddf2fb11c,cs_wg_mon_conf_choice_neg_real1,3SB5N7Y3O4BTJL9VH5IXZWXXAAPG0R,65246,1003908,Female,1074,Yes,No,"No, this was a very fun task",NULL,NULL,NULL,NULL,NULL,NULL,6/5/19 14:48,13119
0a81efea470ba619e3be262fd5aca95f,cs_wg_mon_conf_choice_neg_loss_real2,3TDXMTX3CBVDI5C8SPO4YH0PS726IL,77124,575717,Male,862,No,No,Good luck with your study!!,NULL,NULL,NULL,NULL,NULL,NULL,6/12/20 15:40,13633
2516c9c84d7da60ae684a1cbb37687c3,cs_wg_mon_conf_choice_neg_loss_real2,32SCWG5HIH55ZRZC5KEO7E11ELWP6F,64597,674098,Female,1013,No,No,,NULL,NULL,NULL,NULL,NULL,NULL,6/12/20 15:41,13638
234a9f54bf4f26b1f34e00e5597dace1,cs_wg_mon_conf_choice_neg_loss_real2,3EWIJTFFVO86OPO7UHIW41S6NB80E4,105841,743381,Male,1014,No,No,fun...different,NULL,NULL,NULL,NULL,NULL,NULL,6/12/20 15:42,13644
71302237747d87d753ba4cb38ac63133,cs_wg_mon_conf_choice_neg_loss_real2,308XBLVESI5WHGWME3ZLNPN8T4WRBV,84789,682408,Male,968,No,No,No,NULL,NULL,NULL,NULL,NULL,NULL,6/12/20 15:43,13645
4c6411716d64111506fc5b7516a71b2b,cs_wg_mon_conf_choice_neg_loss_real2,3EQHHY4HQST33A6ZXIEWLZ99HZ1G5P,38760,581981,Male,914,Yes,Yes,,NULL,NULL,NULL,NULL,NULL,NULL,6/12/20 15:43,13646
c584e66b3e1b13f31425d11d511a1728,cs_wg_mon_conf_choice_neg_loss_real2,336YQZE83VF3VK2L8LCRY4T6DLA5MJ,93024,695925,Male,1029,No,No,no,NULL,NULL,NULL,NULL,NULL,NULL,6/12/20 15:43,13648
6f4bff1b93d4b3ecf7cc1626583b65f5,cs_wg_mon_conf_choice_neg_loss_real2,3VZLGYJEYLBCWALETGLGYPGZLO2ZX4,68649,723459,Male,983,No,No,No,NULL,NULL,NULL,NULL,NULL,NULL,6/12/20 15:43,13649
6d2f522b3fc3a9b174990705c480d0aa,cs_wg_mon_conf_choice_neg_loss_real2,3GDTJDAPVUCMI2LN6JJUAO3XFBF8MS,64996,554035,Male,1062,No,No,n/a,NULL,NULL,NULL,NULL,NULL,NULL,6/12/20 15:43,13650
e8812acb7d2b62cacc3989e4ce458d54,cs_wg_mon_conf_choice_neg_loss_real2,3X4MXAO0BGPO5JUX9UVHA30T35ERWB,87998,743287,Female,1088,No,No,This was interesting. ,NULL,NULL,NULL,NULL,NULL,NULL,6/12/20 15:43,13656
3bab342a789475e47fbf5e5b7605b985,cs_wg_mon_conf_choice_neg_loss_real2,324G5B4FB39LFA9X794QYR0P1O707L,103988,660370,Male,851,No,No,no,NULL,NULL,NULL,NULL,NULL,NULL,6/12/20 15:44,13658
34c9efb610984984b1b3449d1902ca6d,cs_wg_mon_conf_choice_neg_loss_real2,39O5D9O87TTN8J3QHDUKGBQA5BGC3J,120324,772671,Female,1010,No,No,None,NULL,NULL,NULL,NULL,NULL,NULL,6/12/20 15:44,13659
c2497c4bdb90b868697bc4a149466f42,cs_wg_mon_conf_choice_neg_loss_real2,386CSBG1OZNQZ30R5XTD7JRBJHMQ6B,74491,602416,Male,1016,No,No,"No, it was very interesting.",NULL,NULL,NULL,NULL,NULL,NULL,6/12/20 15:44,13660
458d3ac0a4fce79b13e26714a12d242d,cs_wg_mon_conf_choice_neg_loss_real2,3II4UPYCOJ8PKCF6FK1RDP13038DQP,172863,714957,Male,1021,No,No,"No comments, thank you! ",NULL,NULL,NULL,NULL,NULL,NULL,6/12/20 15:44,13662
2d38dcedd3a057b4d70fed057e33eff3,cs_wg_mon_conf_choice_neg_loss_real2,3HVVDCPGTET5A32PSKI0VFMR2YEYTX,68356,613998,Male,972,No,No,,NULL,NULL,NULL,NULL,NULL,NULL,6/12/20 15:45,13666
a22e60013f26f433df9a1c7a8c5c892b,cs_wg_mon_conf_choice_neg_loss_real2,3ZWFC4W1UU8MUX82J5LH6FET82QFR3,81313,772712,Male,896,No,No,"Throughly enjoyed your survey.
All went fine. The survey was clear, concise and easy to follow.
I wish you continued success and favor during these challenging times.
God bless and protect you and your family (Psalm 91).
I hope this is OK, I said a prayer for you and your family.
Sincerely,
Take care!
Demetrius",NULL,NULL,NULL,NULL,NULL,NULL,6/12/20 15:45,13667
b220ac16b950c33ce1cc2509c7e661c4,cs_wg_mon_conf_choice_neg_loss_real2,37UEWGM5HT9V4IEUC66WHDAZ7S8R1F,87210,650153,Female,975,No,No,,NULL,NULL,NULL,NULL,NULL,NULL,6/12/20 15:45,13669
3b4ee2ca4035110ffac3b91e5d079b45,cs_wg_mon_conf_choice_neg_loss_real2,3SITXWYCNVAGECIYN25DC79WULGXBW,130978,903260,Female,1100,No,No,n/a,NULL,NULL,NULL,NULL,NULL,NULL,6/12/20 15:46,13672
bb4e2a9eba22bc99059f9f18e0cf70a1,cs_wg_mon_conf_choice_neg_loss_real2,3VNL7UK1XFKZACLUNUQC6UFBWNNFTG,32918,667694,Male,841,Yes,Yes,good,NULL,NULL,NULL,NULL,NULL,NULL,6/12/20 15:46,13673
3cadd1d7e4c9e2554f0ff2d3cac7d5c6,cs_wg_mon_conf_choice_neg_loss_real2,3EFVCAY5L3AWHUF23M62UWBGBHLJ80,105602,680201,Female,941,No,No,What a fun study,NULL,NULL,NULL,NULL,NULL,NULL,6/12/20 15:47,13680
da2129e8fbb30421087f1d0a457be3a6,cs_wg_mon_conf_choice_neg_loss_real2,3018Q3ZVOIRRY6RU8PZPSE32BMDARL,135949,732486,Female,1021,No,No,no,NULL,NULL,NULL,NULL,NULL,NULL,6/12/20 15:47,13682
e5115439de4f21b0e58cd31780ecda4d,cs_wg_mon_conf_choice_neg_loss_real2,3G5F9DBFOPYY10GPNFERAXF99NDHVT,65752,1035232,Male,1017,No,No,,NULL,NULL,NULL,NULL,NULL,NULL,6/12/20 15:48,13683
d740079e1a3a61329e3dd4f525d4f6e0,cs_wg_mon_conf_choice_neg_loss_real2,3VE8AYVF8MYGCST6KWFHFYJOIA5F8U,56319,634647,Female,1092,No,No,,NULL,NULL,NULL,NULL,NULL,NULL,6/12/20 15:48,13686
175f3bca0ced17ff3e2835be57fb69fe,cs_wg_mon_conf_choice_neg_loss_real2,3K3R2QNK8B459F96KDGU1UF2C3Z9U9,220021,976949,Male,1054,No,No,"It was a lot of fun! Very interesting. I prefer Winter months, personally, so I picked those early on but quickly realized that most of them were not optimal for points.",NULL,NULL,NULL,NULL,NULL,NULL,6/12/20 15:48,13687
c9500142dbb5c2032510a2b09057c5ea,cs_wg_mon_conf_choice_neg_loss_real2,358010RM5EUVNQG4SJWDDJ33XDZVX3,95525,863332,Male,1074,No,No,"No issues, it was interesting and fun.",NULL,NULL,NULL,NULL,NULL,NULL,6/12/20 15:48,13689
41605d40e536f8d55c68ce0175332d4b,cs_wg_mon_conf_choice_neg_loss_real2,3QY5DC2MXRLEAP0JNZGMBQ1DF1VFU8,73296,700987,Female,1065,No,No,none,NULL,NULL,NULL,NULL,NULL,NULL,6/12/20 15:48,13691
d72e3fb73f1fba64d36f85f205f3ecc6,cs_wg_mon_conf_choice_neg_loss_real2,34X6J5FLPTZ2NYFYPGN2GNWG5N4JQ8,114480,923419,Female,1093,No,No,No,NULL,NULL,NULL,NULL,NULL,NULL,6/12/20 15:48,13693
3e9291d52ac318dff33edee7bddbd995,cs_wg_mon_conf_choice_neg_loss_real2,3JAOYWH7VI52QPMCBZOTA7JJZC6L9R,275744,950797,Male,942,No,No,,NULL,NULL,NULL,NULL,NULL,NULL,6/12/20 15:48,13695
88ea1637a62be027834ab862ed407f5f,cs_wg_mon_conf_choice_neg_loss_real2,3N1FSUEFL51IV7S8HNUEAM0Y4BQD47,184982,951377,Male,1006,No,No,N/A,NULL,NULL,NULL,NULL,NULL,NULL,6/12/20 15:48,13696
046baa11a475c8f3b4462c45885ae791,cs_wg_mon_conf_choice_neg_loss_real2,31JLPPHS2UVOH80T7I3BBBKRUP0O3T,311747,1004152,Male,925,No,No,no,NULL,NULL,NULL,NULL,NULL,NULL,6/12/20 15:48,13697
8f8b6615633920afd6e24a63883b3487,cs_wg_mon_conf_choice_neg_loss_real2,3C6FJU71TQUKAGHESP8A0B8TLCNYUQ,93001,656173,Female,864,No,No,,NULL,NULL,NULL,NULL,NULL,NULL,6/12/20 15:49,13700
f0c1493418ecee5983b66fc91480209c,cs_wg_mon_conf_choice_neg_loss_real2,3VJ40NV2QIOTGPYNMX92TOOPOOFOTC,173898,796839,Male,865,No,No,None,NULL,NULL,NULL,NULL,NULL,NULL,6/12/20 15:49,13703
3a5b3748d5b23ae78ff26e26dfbd857e,cs_wg_mon_conf_choice_neg_loss_real2,3FDJT1UU74985W2IN9ZBJR12OGH5KG,119243,963574,Female,836,Yes,Yes,thank you,NULL,NULL,NULL,NULL,NULL,NULL,6/12/20 15:49,13705
153002687bc5cd4dc41edd0718ef22b3,cs_wg_mon_conf_choice_neg_loss_real2,323Q6SJS8IH953UZN09NSBCNLTTFH7,167255,800135,Female,937,No,No,no,NULL,NULL,NULL,NULL,NULL,NULL,6/12/20 15:49,13706
895654f4c118f44d35c201a6d355e0f8,cs_wg_mon_conf_choice_neg_loss_real2,3HYA4D452RK5QDRH4F6G576LWAD2FE,78716,711906,Female,1047,No,No,"None, thank you.",NULL,NULL,NULL,NULL,NULL,NULL,6/12/20 15:49,13708
d2c042543e5262966d6046ac3311fcdc,cs_wg_mon_conf_choice_neg_loss_real2,3A1COHJ8NJW0QOKCFM3HIJV1YPJ8HM,63418,521398,Male,883,No,No,no,NULL,NULL,NULL,NULL,NULL,NULL,6/12/20 15:49,13710
5a637d1ace346404596f011ac0b9b09f,cs_wg_mon_conf_choice_neg_loss_real2,34Q075JO1XE74OUVITNHXH9CY2701O,79380,657402,Male,1015,No,No,None,NULL,NULL,NULL,NULL,NULL,NULL,6/12/20 15:50,13715
f111fd3fc2869179b8d01167524d72ac,cs_wg_mon_conf_choice_neg_loss_real2,3GNCZX450IO6MTBFVXV0NJ3NA4MPA5,117570,1140570,Male,827,Yes,No,It is good experience in this study.,NULL,NULL,NULL,NULL,NULL,NULL,6/12/20 15:50,13718
05a723cf4f209ba3793b91ee3733da0d,cs_wg_mon_conf_choice_neg_loss_real2,3TK8OJTYM1MQEHED6SMWJ6H0VETVPI,81724,674555,Male,964,No,No,,NULL,NULL,NULL,NULL,NULL,NULL,6/12/20 15:50,13719
0b0ac11e51a3b7733cff53e8f8036096,cs_wg_mon_conf_choice_neg_loss_real2,333U7HK6I9G8YPBTKUHIGOPHM8HDJZ,183892,927693,Female,1003,No,No,none,NULL,NULL,NULL,NULL,NULL,NULL,6/12/20 15:50,13721
965e31ea65f1ae7fcf94a78bb57d36ff,cs_wg_mon_conf_choice_neg_loss_real2,3RSDURM96AN3LKKS2PT5WTMQZOSYE8,94280,813379,Female,914,No,No,no,NULL,NULL,NULL,NULL,NULL,NULL,6/12/20 15:50,13722
cdfccfe9e11da9b9e3d3445776b680b1,cs_wg_mon_conf_choice_neg_loss_real2,3V26SBZTBDF115LTUY91VAWATO1ZZ2,192312,1002810,Male,936,No,No,good study,NULL,NULL,NULL,NULL,NULL,NULL,6/12/20 15:50,13723
58162695ac8a5e5b35640b4bef78ba44,cs_wg_mon_conf_choice_neg_loss_real2,3HMIGG0U4L7MCJA1PM754JQ4OLSY87,172967,970784,Female,1006,No,No,"This was fun. I thought it would take longer with so many trials, but the time commitment wasn't bad at all. thank you!",NULL,NULL,NULL,NULL,NULL,NULL,6/12/20 15:50,13724
12843dc6d6cbd78bfbac7e57d03b8ed0,cs_wg_mon_conf_choice_neg_loss_real2,3GFK2QRXX9IZ0WWZCNIE72VXBOWW5B,52927,513922,Male,930,No,No,No comments. Thanks!,NULL,NULL,NULL,NULL,NULL,NULL,6/12/20 15:51,13725
42122a244195b06b703f0c193c37f07f,cs_wg_mon_conf_choice_neg_loss_real2,3U4J9857OECMZXC75P1FI8W8SS5B7J,93864,764970,Male,1092,No,No,,NULL,NULL,NULL,NULL,NULL,NULL,6/12/20 15:51,13727
8d8bd5209bac7fc52797176e857b6b77,cs_wg_mon_conf_choice_neg_loss_real2,3R9WASFE2ZHVWOUTTMFUSIGSHJ8FZV,114816,1159050,Male,1091,No,No,none,NULL,NULL,NULL,NULL,NULL,NULL,6/12/20 15:51,13729
2595d78bfc3c38d7a18074e36c60b109,cs_wg_mon_conf_choice_neg_loss_real2,3Z4AIRP3C6EF1E06L5CO6VWN89T1XL,96637,1004894,Male,1109,No,No,no,NULL,NULL,NULL,NULL,NULL,NULL,6/12/20 15:51,13730
3f105eebf13f62455e2f723a14250c4d,cs_wg_mon_conf_choice_neg_loss_real2,30H4UDGLT2J7OUK4S0L5WAYN4LBPMP,69372,837665,Female,878,No,No,None,NULL,NULL,NULL,NULL,NULL,NULL,6/12/20 15:51,13732
6a1ae46b5c2c35289ea4cf2fdda3a6ab,cs_wg_mon_conf_choice_neg_loss_real2,3Z7VU45IPYI4690LMN093GCYG9O1ZF,76271,932396,Male,1068,No,No,"The input setup on this is awful. Having to click to advance does not work well with the spread out keyboard controls. I ended up with my left hand on w and p and my right on the mouse, which worked but was uncomfortable.",NULL,NULL,NULL,NULL,NULL,NULL,6/12/20 15:51,13733
38830b09037c506d0123874f24c0a6bc,cs_wg_mon_conf_choice_neg_loss_real2,3J2UYBXQQLD2BAVSOZZYSD0T6DQ60V,87537,840246,Female,1079,No,No,"No, but it was kind of fun!",NULL,NULL,NULL,NULL,NULL,NULL,6/12/20 15:51,13734
b6d51f5c569480fd03024dbe5efa3f1c,cs_wg_mon_conf_choice_neg_loss_real2,39LNWE0K4UXYKG29O7M7ENE5VTNIU2,142761,1000141,Male,1066,No,No,"One thing I didn't like was my memory technique was to try to associate birthdays or events from the month with good and bad, so by the end certain people who are important to me I was associating with bad because their birthday months were low scoring months.",NULL,NULL,NULL,NULL,NULL,NULL,6/12/20 15:51,13735
386e9b5b5f9776b8858cf1e0cd9044dd,cs_wg_mon_conf_choice_neg_loss_real2,3YT88D1N08Z5RHFE9QBI4U3IAKQ3KO,361280,1172897,Female,885,No,No,very interesting survey i will have to say personally while doing it i tried to see if there was a pattern but couldnt really make up my mind if there was or not!,NULL,NULL,NULL,NULL,NULL,NULL,6/12/20 15:51,13736
3b3dfb779d31be38f67f9f8db2af68f5,cs_wg_mon_conf_choice_neg_loss_real2,3FDJT1UU74985W2IN9ZBJR12OGJK5X,152609,989458,Female,867,No,No,none,NULL,NULL,NULL,NULL,NULL,NULL,6/12/20 15:51,13739
a842b8acedfd87039424eff17ded9c54,cs_wg_mon_conf_choice_neg_loss_real2,3C44YUNSI1Q4K0ERF7M2DKBTV7PPDD,60984,683694,Female,1015,No,No,no,NULL,NULL,NULL,NULL,NULL,NULL,6/12/20 15:51,13740
be3be5f982369e5686e899247a1f149a,cs_wg_mon_conf_choice_neg_loss_real2,3BV8HQ2ZZW2YCNTAG1WRHJC6FZ26AM,139052,867498,Female,930,No,No,none,NULL,NULL,NULL,NULL,NULL,NULL,6/12/20 15:52,13742
b45b154fe94d899a8195b7a0f7641494,cs_wg_mon_conf_choice_neg_loss_real2,3CN4LGXD5XPLTINZDJHSN7AZMZZY43,102263,798223,Female,883,No,No,no,NULL,NULL,NULL,NULL,NULL,NULL,6/12/20 15:52,13745
19f1e609369bc5f1f4fe144dcee94eb6,cs_wg_mon_conf_choice_neg_loss_real2,3FFJ6VRIL1PI4UQTQ08NPGQYF4F0ID,205328,1207984,Female,1062,No,No,Thank you!,NULL,NULL,NULL,NULL,NULL,NULL,6/12/20 15:52,13746
566e5944dd45fb5430d1dc94ae6db993,cs_wg_mon_conf_choice_neg_loss_real2,3MX2NQ3YC9VEPW1PMSE09L94KQ2X55,90280,509480,Male,878,No,No,no,NULL,NULL,NULL,NULL,NULL,NULL,6/12/20 15:52,13748
acec92db556a8157c6c142dd95a3e611,cs_wg_mon_conf_choice_neg_loss_real2,39PAAFCODM1O697KN9VGOGIXKHDTVK,194208,869578,Male,844,No,No,nice study.,NULL,NULL,NULL,NULL,NULL,NULL,6/12/20 15:52,13749
109906d5e444f90c7e5436cbdc078d48,cs_wg_mon_conf_choice_neg_loss_real2,3Z7EFSHGN9FZOHA41218NRFEC6KCXM,93375,980478,Male,963,No,No,no comments,NULL,NULL,NULL,NULL,NULL,NULL,6/12/20 15:52,13750
e9d1699390cb2650a2cefae31a0ee53b,cs_wg_mon_conf_choice_neg_loss_real2,3VAR3R6G1P2AI56ZJZY72SS2ACY8OD,90279,770808,Female,953,No,No,None,NULL,NULL,NULL,NULL,NULL,NULL,6/12/20 15:54,13757
306f9b9f76273695933f58e9288e7215,cs_wg_mon_conf_choice_neg_loss_real2,3ATTHHXXWAPQ1KW4TCXUYUD9PB7XIC,82543,772114,Female,948,No,No,August is my birth month so I chose it almost every time and realized it had the highest # all but I think once when I chose it. ,NULL,NULL,NULL,NULL,NULL,NULL,6/12/20 15:54,13759
01322c4a051c79110eab86dd9f50f73e,cs_wg_mon_conf_choice_neg_loss_real2,3O7L7BFSHEQHVK5NY772A5S295WIEO,131677,885722,Female,981,No,No,no,NULL,NULL,NULL,NULL,NULL,NULL,6/12/20 15:54,13760
928cfd4da0c3cdc2615ebcb6f651ae3f,cs_wg_mon_conf_choice_neg_loss_real2,3QIYRE09Y3IAPKM2JZPF8T5P6VK1N2,443900,1020512,Male,963,No,No,none,NULL,NULL,NULL,NULL,NULL,NULL,6/12/20 15:55,13764
5ecaff6970737e1d5891c6c1eaed49c4,cs_wg_mon_conf_choice_neg_loss_real2,3WSELTNVR334EL4MCE4KST4KZ79TAG,80762,1420618,Female,1063,No,No,This study was fun and easy to understand.,NULL,NULL,NULL,NULL,NULL,NULL,6/12/20 15:55,13766
a43efe650947f0f67be0427ef3ec4f14,cs_wg_mon_conf_choice_neg_loss_real2,34Q075JO1XE74OUVITNHXH9CY3D01W,100488,721359,Male,1003,No,No,no,NULL,NULL,NULL,NULL,NULL,NULL,6/12/20 15:55,13768
2bcb900e59d3fdb80036357e7e9a0d96,cs_wg_mon_conf_choice_neg_loss_real2,34Z02EIMISE8D864KC7R3NS7QL20T1,83385,912436,Female,1036,No,No,"No, thank you for clear instructions and fair pay!",NULL,NULL,NULL,NULL,NULL,NULL,6/12/20 15:55,13769
985280953b7f1558dc05658acae0cb8e,cs_wg_mon_conf_choice_neg_loss_real2,3RXPCZQMQPC4FS5GWVCKI9WS5J0G1B,143929,938050,Male,921,No,No,,NULL,NULL,NULL,NULL,NULL,NULL,6/12/20 15:56,13774
2519be069b9ba0bee61f3b360c0493c1,cs_wg_mon_conf_choice_neg_loss_real2,384PI804XS27Y8TPVC21TIWLO2M0SA,168681,1195478,Female,946,No,No,No.,NULL,NULL,NULL,NULL,NULL,NULL,6/12/20 15:56,13776
c767b4d7c4b05a2defb9a94cb81cad89,cs_wg_mon_conf_choice_neg_loss_real2,3GLB5JMZFXWY7NLSCOWFJBX1UGZGDX,70071,765033,Female,905,No,No,good study like it,NULL,NULL,NULL,NULL,NULL,NULL,6/12/20 15:56,13777
f7e2da04c74d751d5be9f2f295cca036,cs_wg_mon_conf_choice_neg_loss_real2,3E7TUJ2EGCNJSDYKYIQ5RUBEQ319DW,95449,815520,Male,926,No,No,"this study was very exciting to play the gaming task, i was totally enjoying this study",NULL,NULL,NULL,NULL,NULL,NULL,6/12/20 15:56,13778
7f5dc708ef665bc59b48945aa08bd826,cs_wg_mon_conf_choice_neg_loss_real2,3UWN2HHPUY6AJ4LWWI4Z4USYWVSSN8,82557,802473,Male,837,No,No,none,NULL,NULL,NULL,NULL,NULL,NULL,6/12/20 15:56,13781
336caf1722b851748589341a5a12cb36,cs_wg_mon_conf_choice_neg_loss_real2,3OXV7EAXLERYS2UP7MHHUBY09QC63U,253553,957333,Male,849,No,No,no,NULL,NULL,NULL,NULL,NULL,NULL,6/12/20 15:57,13784
63d7413424e96240553a8885d715c430,cs_wg_mon_conf_choice_neg_loss_real2,339ANSOTR53KHKXXUTI58057T3UKIE,65009,665835,Female,936,No,No,No comments,NULL,NULL,NULL,NULL,NULL,NULL,6/12/20 15:57,13785
8e3de4a1d58a044dd3f6fa3302a8b435,cs_wg_mon_conf_choice_neg_loss_real2,33L7PJKHCGZQVXB7FGK6W2YP9JBT8E,519156,1384771,Male,1028,No,No,,NULL,NULL,NULL,NULL,NULL,NULL,6/12/20 15:58,13791
924e8a69c9db0cf578f3ed1484eb9d05,cs_wg_mon_conf_choice_neg_loss_real2,3EF8EXOTT1WE6UVH41XNFMO8XCK1J5,60089,579113,Male,874,No,No,none,NULL,NULL,NULL,NULL,NULL,NULL,6/12/20 15:58,13792
4b9116789264ec24cbb71cef5f421c38,cs_wg_mon_conf_choice_neg_loss_real2,3WOKGM4L71HS0G1WOVLS9DMKRENO07,119127,778110,Male,1000,No,No,None.,NULL,NULL,NULL,NULL,NULL,NULL,6/12/20 15:58,13794
333a0ba3354150e83099fa3181f27f95,cs_wg_mon_conf_choice_neg_loss_real2,3E7TUJ2EGCNJSDYKYIQ5RUBEQ349DZ,115689,1570758,Male,1102,No,No,none,NULL,NULL,NULL,NULL,NULL,NULL,6/12/20 15:58,13795
3ed255bdb9bfc5287a1a93b3276ab28e,cs_wg_mon_conf_choice_neg_loss_real2,3IO1LGZLK9YKTZ0VJ3CDLS6BPC568N,83864,856302,Male,1042,No,No,,NULL,NULL,NULL,NULL,NULL,NULL,6/12/20 15:58,13796
2899f4e3f8d0fa87a0836221ab87b6f7,cs_wg_mon_conf_choice_neg_loss_real2,3VA45EW49NOS75MEKEPSNI5UW6UO1B,69700,617416,Male,1084,No,No,,NULL,NULL,NULL,NULL,NULL,NULL,6/12/20 15:58,13798
ed8251c022b56aaf3fa1256031b1bb4b,cs_wg_mon_conf_choice_neg_loss_real2,3KGTPGBS6XMU9VO7Z41FR77O6XS2UD,215281,1177382,Female,1005,No,No,It was interesting ,NULL,NULL,NULL,NULL,NULL,NULL,6/12/20 15:58,13799
94a03a1971a6b430bf5e93bfa3b9a7f7,cs_wg_mon_conf_choice_neg_loss_real2,3VA45EW49NOS75MEKEPSNI5UW5R1OJ,91573,636760,Male,1000,No,No,none,NULL,NULL,NULL,NULL,NULL,NULL,6/12/20 15:59,13800
973bbd6abac754e7a7441867658b988e,cs_wg_mon_conf_choice_neg_loss_real2,3YGXWBAF70I8QFMUHRZ3QGIGJBEC46,100572,701992,Female,861,No,No,N/A,NULL,NULL,NULL,NULL,NULL,NULL,6/12/20 15:59,13801
6e1670ac0c6befec21ddd5e2eb00dbbd,cs_wg_mon_conf_choice_neg_loss_real2,3JJVG1YBEBY7CTYOHWMIKOIC1NF5B5,80653,864006,Female,1005,No,No,,NULL,NULL,NULL,NULL,NULL,NULL,6/12/20 15:59,13802
7e8522c1fab860e5137a36ddb5aaafed,cs_wg_mon_conf_choice_neg_loss_real2,336KAV9KYQTBQ48C95Y4USD12M62YG,123128,947885,Male,1152,No,No,no comments. thanks. ,NULL,NULL,NULL,NULL,NULL,NULL,6/12/20 15:59,13805
99843792dd7181f222e487313b85d336,cs_wg_mon_conf_choice_neg_loss_real2,3AAJC4I4FGTB1QGPCC6F7G8KARWJZB,73475,773439,Female,1119,No,No,"No! This was very fun, thank you! I really enjoyed trying to figure out which months were most ""profitable"".",NULL,NULL,NULL,NULL,NULL,NULL,6/12/20 15:59,13806
57b145af6bbb16e393e2ffad4d93d6ba,cs_wg_mon_conf_choice_neg_loss_real2,3D3VGR7TA0GRELS9ZAKF56PW5CIR33,92768,800732,Male,1071,No,No,,NULL,NULL,NULL,NULL,NULL,NULL,6/12/20 15:59,13808
aa9ef3ed72331457b7539a8a736c22b0,cs_wg_mon_conf_choice_neg_loss_real2,3FIJLY1B6U51IKSN6DHS1KEE7K6FPF,208577,1056397,Male,879,Yes,Yes,The study is very awesome.,NULL,NULL,NULL,NULL,NULL,NULL,6/12/20 16:00,13812
7f1b67866db984743e0fff1b8c4a5d7a,cs_wg_mon_conf_choice_neg_loss_real2,3L4PIM1GQTHSUOPXOVD5V0L9EEMYRR,59672,725482,Female,865,No,No,Good to play and nice to work ,NULL,NULL,NULL,NULL,NULL,NULL,6/12/20 16:00,13813
72c35ad25dd70076cdf507919661f8ca,cs_wg_mon_conf_choice_neg_loss_real2,3W2LOLRXLBGXAJ0GKGCEMS6YGYBRKL,230458,996929,Female,1089,No,No,,NULL,NULL,NULL,NULL,NULL,NULL,6/12/20 16:00,13814
b73ca00508f3ce1793b4ed916c54be1e,cs_wg_mon_conf_choice_neg_loss_real2,3A9AA95ATWN9GNZY014JF8N1IRT5PP,110935,1148137,Female,966,No,No,"That was harder than I thought it would be, but interesting.",NULL,NULL,NULL,NULL,NULL,NULL,6/12/20 16:00,13816
417b686a4e5a6dbd2540caa2565a3606,cs_wg_mon_conf_choice_neg_loss_real2,39KFRKBFINWPXBXHW3W115G43R1YOH,119606,933558,Female,1115,No,No,Good luck with your study!,NULL,NULL,NULL,NULL,NULL,NULL,6/12/20 16:00,13817
a7c656e72055f2960c3231763aece54d,cs_wg_mon_conf_choice_neg_loss_real2,388U7OUMF72VXTTCGN2W38RP218R0K,35096,630575,Female,886,Yes,Yes,good,NULL,NULL,NULL,NULL,NULL,NULL,6/12/20 16:01,13818
10e6a95289e6c6944fef620bd79cbb19,cs_wg_mon_conf_choice_neg_loss_real2,3300DTYQT2IUCIT6BFCBJ7JO0GEEQQ,96270,789078,Male,1008,No,No,"The study was extremely entertaining, I enjoyed playing the game and attempting to figure out a general pattern behind each of the months and their subsequent reward amounts. I hope that my data is useful in furthering your research and thank you again for including me in it.",NULL,NULL,NULL,NULL,NULL,NULL,6/12/20 16:01,13819
0f314c9d966a6bc3a70c9ffaa9d4dc93,cs_wg_mon_conf_choice_neg_loss_real2,3OCHAWUVGOLH7FMSTFI6BASMHFWKXA,491789,1216645,Female,994,No,No,No comments. I think having to physically press the next arrow (rather than pressing enter) made the task much harder. Is that the point? ,NULL,NULL,NULL,NULL,NULL,NULL,6/12/20 16:01,13821
3085b5865c279a3ba9fc416dbc670c61,cs_wg_mon_conf_choice_neg_loss_real2,37TRT2X24QSFJSD96YQCLY1HJN5BJQ,128808,627277,Male,975,No,No,,NULL,NULL,NULL,NULL,NULL,NULL,6/12/20 16:02,13822
96a77a3d32ed2f148aec130e2b0729e1,cs_wg_mon_conf_choice_neg_loss_real2,39PAAFCODM1O697KN9VGOGIXKIGVTR,145902,1076848,Male,1044,No,No,none,NULL,NULL,NULL,NULL,NULL,NULL,6/12/20 16:02,13827
cd9e682d2f36e95534e5ff525599d544,cs_wg_mon_conf_choice_neg_loss_real2,34QN5IT0TZSPFOEGHEWWCRWKC9K08H,171448,889920,Male,1041,No,No,"Yeah!

I really like the game and i hope to be contacted for more. Its a brain trainer.

Thanks.",NULL,NULL,NULL,NULL,NULL,NULL,6/12/20 16:02,13828
054c80373e53b605a752216af16b2c3e,cs_wg_mon_conf_choice_neg_loss_real2,39K0FND3AHG01QE23H386F9S5ZCAMV,84583,1093358,Male,831,No,No,good one,NULL,NULL,NULL,NULL,NULL,NULL,6/12/20 16:02,13829
9c86a572df0d42f20686fa0ebf834592,cs_wg_mon_conf_choice_neg_loss_real2,3Y9N9SS8LYCXDB94H9PV0H8SQC3D3X,148494,535367,Male,924,No,No,,NULL,NULL,NULL,NULL,NULL,NULL,6/12/20 16:03,13830
98f1e3a47450e2410933c3ea976cab3d,cs_wg_mon_conf_choice_neg_loss_real2,3DOCMVPBTNFD3RTROMND50IS9WONNV,683910,1432320,Male,1012,No,No,nil,NULL,NULL,NULL,NULL,NULL,NULL,6/12/20 16:03,13831
e6eec74daa27eeaa16b17d96002afd4f,cs_wg_mon_conf_choice_neg_loss_real2,3VAR3R6G1P2AI56ZJZY72SS2ACZO8U,98211,984884,Female,1063,No,No,"Very interesting, I had gone through a variety of processes to look for a connection: word length, season, pairing of word it was put up against, etc.",NULL,NULL,NULL,NULL,NULL,NULL,6/12/20 16:03,13832
889856f2a87e38bf24b50a77ed31a6c5,cs_wg_mon_conf_choice_neg_loss_real2,36U2A8VAG1067KC2YB48UOZVJLKYKO,62945,1978905,Male,954,No,No,"I thought the study was interesting. About halfway through, I was curious which months had better pay outs versus others and how they paid out face to face, but I did not write anything down. I am curious to learn about the intent of the project and later publications.",NULL,NULL,NULL,NULL,NULL,NULL,6/12/20 16:04,13837
12a98d3d695c4fea95bba1a5dc8a59d3,cs_wg_mon_conf_choice_neg_loss_real2,3U088ZLJVKU05PAYFHC2Q7Z6UGPW0U,46912,469206,Male,838,No,No,,NULL,NULL,NULL,NULL,NULL,NULL,6/12/20 16:04,13838
ca775ea7f16aa1ef4154bc2fb3ed5fce,cs_wg_mon_conf_choice_neg_loss_real2,3EO896NRAWWFFE7Q6KHXLS73PVAJTV,81599,825717,Male,1056,No,No,"Overall, this was a fun task. Good luck!",NULL,NULL,NULL,NULL,NULL,NULL,6/12/20 16:04,13839
6fe77c41aa107e4d6bc35d7d2dd8c218,cs_wg_mon_conf_choice_neg_loss_real2,35LDD5557A56D3NOF8GX0TCOACEMKW,108239,1056477,Female,1012,No,No,"no, but it was an interesting experiment and different from most",NULL,NULL,NULL,NULL,NULL,NULL,6/12/20 16:04,13840
01c4b432553998beaa2ee106e9fbfbe5,cs_wg_mon_conf_choice_neg_loss_real2,3SB4CE2TJVWBV2D6HO5HHWPQC46XAE,98347,729878,Male,1096,No,No,,NULL,NULL,NULL,NULL,NULL,NULL,6/12/20 16:04,13841
bb3060f46c503574fe3ff75e86f9ab31,cs_wg_mon_conf_choice_neg_loss_real2,3HPZF4IVNMUOOM0E6YNA65MNECHYCH,69765,730930,Female,1016,No,No,No.,NULL,NULL,NULL,NULL,NULL,NULL,6/12/20 16:04,13843
84d86fadb7893b2d3bc98c40627ce899,cs_wg_mon_conf_choice_neg_loss_real2,3DYGAII7PL9Y99IWKTSMDJISENIQPP,142633,925145,Male,858,No,No,no comments,NULL,NULL,NULL,NULL,NULL,NULL,6/12/20 16:05,13848
7f85b56b29a351bfd289ee9f7612fbe4,cs_wg_mon_conf_choice_neg_loss_real2,33C7UALJVLZPMDZYDX0WQWFUH1S81U,95446,764721,Female,1011,No,No,no,NULL,NULL,NULL,NULL,NULL,NULL,6/12/20 16:05,13851
97907fff23d20b48c291e1774381dbf3,cs_wg_mon_conf_choice_neg_loss_real2,3SLE99ER0NE5J7IDOKTY9SP72LKZB1,112015,1479507,Male,888,No,No,none,NULL,NULL,NULL,NULL,NULL,NULL,6/12/20 16:05,13852
13811ac888b17f91ca6029b22f1e3f93,cs_wg_mon_conf_choice_neg_loss_real2,39N5ACM9HEOSHA1A3RH0ROS34NFP93,129953,788364,Female,893,No,No,no,NULL,NULL,NULL,NULL,NULL,NULL,6/12/20 16:05,13854
1145c54bbfcf7978e5868ad26bdfbf58,cs_wg_mon_conf_choice_neg_loss_real2,37XITHEISWAFRLOSS3VGY9TQBQ6CRZ,154975,837204,Female,1055,No,No,It sure was fun!,NULL,NULL,NULL,NULL,NULL,NULL,6/12/20 16:05,13855
b0dab2814cc5367302ed4b6515e95406,cs_wg_mon_conf_choice_neg_loss_real2,3WEV0KO0OMT1XSUJ7OQW8PG4ISZDSM,134275,1133636,Male,1015,No,No,no,NULL,NULL,NULL,NULL,NULL,NULL,6/12/20 16:07,13862
7e7ba7e30c1eb0cd02a53bfec08f94f2,cs_wg_mon_conf_choice_neg_loss_real2,3TXMY6UCAEPFFK9SFO6GTJJLF3ZQC5,157503,1782828,Female,817,No,No,no,NULL,NULL,NULL,NULL,NULL,NULL,6/12/20 16:07,13863
2142fa21cd81c34a901b93b7aac463ce,cs_wg_mon_conf_choice_neg_loss_real2,3MRNMEIQW57ETFZTNFTVW329QXKDLZ,1531797,2140009,Female,762,No,No,Good and interesting study.. Thanks,NULL,NULL,NULL,NULL,NULL,NULL,6/12/20 16:08,13864
6831e7750688e865359905b6c092c286,cs_wg_mon_conf_choice_neg_loss_real2,337RC3OW0530NWZFE0TP2P8GQ5UVLO,90379,601243,Male,1043,No,No,,NULL,NULL,NULL,NULL,NULL,NULL,6/12/20 16:08,13865
b4b32fa66e532ef6e45b36272051a7e8,cs_wg_mon_conf_choice_neg_loss_real2,39GHHAVOMFSVYTS0RJGPDKVB9WS4JJ,397911,1078157,Female,804,No,No,It's very interesting.,NULL,NULL,NULL,NULL,NULL,NULL,6/12/20 16:08,13868
2f3ef837f1367bff212cccb19868158d,cs_wg_mon_conf_choice_neg_loss_real2,3OJSZ2ATDSXKAHVY4FA2FMWGIWF578,37396,501443,Female,890,No,No,no,NULL,NULL,NULL,NULL,NULL,NULL,6/12/20 16:08,13869
55d382884248290f74aaebcbd58ce5d3,cs_wg_mon_conf_choice_neg_loss_real2,358UUM7WRZ49F4TW1MN5IN1CAFD7RZ,117043,889583,Female,907,No,No,None,NULL,NULL,NULL,NULL,NULL,NULL,6/12/20 16:08,13872
b2988558ba25584301036bf89bfa8bda,cs_wg_mon_conf_choice_neg_loss_real2,336KAV9KYQTBQ48C95Y4USD12MA2YK,232464,754125,Male,891,No,No,None.  This was fun.,NULL,NULL,NULL,NULL,NULL,NULL,6/12/20 16:09,13873
c212e07b56c173fa05a4985fd9f31bd9,cs_wg_mon_conf_choice_neg_loss_real2,3NQL1CS15R9KNV6EXFIFWXACZK2VYK,102732,792002,Female,1020,No,No,Very interesting! I enjoyed participating. ,NULL,NULL,NULL,NULL,NULL,NULL,6/12/20 16:10,13876
7ed6cdf9b83326b27027288719290d13,cs_wg_mon_conf_choice_neg_loss_real2,3WJEQKOXA83351SDAVKAMNLP7PP1AO,39939,301797,Male,826,No,No,,NULL,NULL,NULL,NULL,NULL,NULL,6/12/20 16:10,13877
0ef0d50198cbe2eb190c50089c5ab641,cs_wg_mon_conf_choice_neg_loss_real2,3BWI6RSP7GAK60ORFG35JG2TVQR7EQ,83479,783058,Female,1014,No,No,This was a very interesting task!  Thank you!,NULL,NULL,NULL,NULL,NULL,NULL,6/12/20 16:10,13879
7f900e2c1cfd3c5c341eb473ba89ffb0,cs_wg_mon_conf_choice_neg_loss_real2,3Z9WI9EOZZPKLPMDOB0K8O4STQHHKK,153441,1063195,Female,1115,No,No,The study was very interesting and fun.,NULL,NULL,NULL,NULL,NULL,NULL,6/12/20 16:11,13880
049f3f36e4799746418c5b5731de5e67,cs_wg_mon_conf_choice_neg_loss_real2,36H9ULYP62V5W9PPB0C84OS2YLWJFF,75986,813875,Male,1077,No,No,"Seemed that February and July were the best, and April/December/January were the worst for me. ",NULL,NULL,NULL,NULL,NULL,NULL,6/12/20 16:11,13882
e43e77d5938f71119a85c82bd10c7055,cs_wg_mon_conf_choice_neg_loss_real2,3QEMNNSB2X0FEUARJLSLDYK8VEQD73,68472,851781,Female,904,Yes,No,nothing,NULL,NULL,NULL,NULL,NULL,NULL,6/12/20 16:11,13883
d2a27c513ab6d21a3d261f11dc65811b,cs_wg_mon_conf_choice_neg_loss_real2,3Z2R0DQ0JHFDKZRL94MANPLLKA5E2H,227790,914107,Female,967,No,No,nope,NULL,NULL,NULL,NULL,NULL,NULL,6/12/20 16:12,13885
3d290faabc561733a4bd4d80c6fdb9c7,cs_wg_mon_conf_choice_neg_loss_real2,3Z9WI9EOZZPKLPMDOB0K8O4STP7HK8,45474,560103,Male,872,No,No,none,NULL,NULL,NULL,NULL,NULL,NULL,6/12/20 16:12,13887
d9cc21ce0250792dc1b18d7424f94c95,cs_wg_mon_conf_choice_neg_loss_real2,38JBBYETQOBNND68DI5YG4IJ4O1E4D,121608,920341,Male,867,No,No,Thank you,NULL,NULL,NULL,NULL,NULL,NULL,6/12/20 16:12,13889
614230ab2fd2447cbe50ca578b2d46e5,cs_wg_mon_conf_choice_neg_loss_real2,3NJM2BJS4W7UF88DFBRRTETBA77PC7,169435,1045959,Male,1076,No,No,Really intriguing. I'd like to think I did pretty well. I'm a quick learner. Very fun study.,NULL,NULL,NULL,NULL,NULL,NULL,6/12/20 16:13,13891
481a401a216da9aef1b5112d6a369ad3,cs_wg_mon_conf_choice_neg_loss_real2,39N5ACM9HEOSHA1A3RH0ROS34NEP92,192096,1296578,Female,1059,No,No,"this was fun, thanks!",NULL,NULL,NULL,NULL,NULL,NULL,6/12/20 16:14,13893
bdbdf7e2a1cc38889addc16850ffba68,cs_wg_mon_conf_choice_neg_loss_real2,3ERMJ6L4DYTIIOG4WEROWO724SEM7Q,114131,736973,Male,838,No,No,Good study. ,NULL,NULL,NULL,NULL,NULL,NULL,6/12/20 16:14,13897
11bbcddbcb16a7d754d5e20bfa336ce1,cs_wg_mon_conf_choice_neg_loss_real2,38F71OA9GTXVXHVAEXP0KGKJ2G1FMR,113589,832585,Male,911,No,No,this was really different and entertaining,NULL,NULL,NULL,NULL,NULL,NULL,6/12/20 16:14,13898
ce2de6204362019a49645c50dec1510e,cs_wg_mon_conf_choice_neg_loss_real2,3YDGXNSEOZV6ECWH0FJYOUMXTKV84Y,85368,930726,Female,968,No,No,,NULL,NULL,NULL,NULL,NULL,NULL,6/12/20 16:14,13900
c8e75940777130e72b84d39f6fa89f40,cs_wg_mon_conf_choice_neg_loss_real2,33CID57104UGBNXWUQNJJUGXZL8L3O,113117,749201,Female,1009,No,No,IT WAS FUN,NULL,NULL,NULL,NULL,NULL,NULL,6/12/20 16:14,13901
33e075a7cf24d93fa593af3cb20f9334,cs_wg_mon_conf_choice_neg_loss_real2,3BWI6RSP7GAK60ORFG35JG2TVPJ7EG,163481,974050,Male,1137,No,No,no,NULL,NULL,NULL,NULL,NULL,NULL,6/12/20 16:15,13904
3ba47815ade531c6d57b01aa760e89bf,cs_wg_mon_conf_choice_neg_loss_real2,337RC3OW0530NWZFE0TP2P8GQ4RVLJ,846278,1663888,Male,918,No,No,"Nice survey,good pay.",NULL,NULL,NULL,NULL,NULL,NULL,6/12/20 16:15,13905
f7216ff2d6c6128e0af7814e9b5e54ba,cs_wg_mon_conf_choice_neg_loss_real2,3LBXNTKX0RWXQJ31PIRHL1E66MS9XF,80902,808759,Female,1000,No,Yes,thanks!,NULL,NULL,NULL,NULL,NULL,NULL,6/12/20 16:15,13906
77ab999913bd3c3c91b5a668d00bbe34,cs_wg_mon_conf_choice_neg_loss_real2,3YJ6NA41JBHHNMEJP38DGI660SQJPR,205697,1526935,Male,1035,No,No,Thank you for the opportunity to take the survey! I thought it was very interesting.,NULL,NULL,NULL,NULL,NULL,NULL,6/12/20 16:15,13907
4aeb85756415296c0f241b9fe0723fdf,cs_wg_mon_conf_choice_neg_loss_real2,3XXU1SWE8MW3YC7VECGA8I2F2XPA00,148720,860475,Female,951,No,No,,NULL,NULL,NULL,NULL,NULL,NULL,6/12/20 16:16,13908
bf7b3cbe577708f8d4ce82533458fa09,cs_wg_mon_conf_choice_neg_loss_real2,3VP0C6EFSGXZEO2ZD4MWQA769H2M6Z,30962,456529,Male,941,No,No,,NULL,NULL,NULL,NULL,NULL,NULL,6/12/20 16:16,13910
6cb0a31e941636cbe9f129f6196a509e,cs_wg_mon_conf_choice_neg_loss_real2,3AQF3RZ558JT8EAIRHIJVKNXCF9F62,83536,887973,Male,1003,No,No,no,NULL,NULL,NULL,NULL,NULL,NULL,6/12/20 16:18,13914
a93e01463bf40d3ce0d33b7103578a3c,cs_wg_mon_conf_choice_neg_loss_real2,3MB8LZR5BFUM7L53FWFI0GXZA7OLKT,178567,1914679,Male,1126,No,No,"In general whenever I saw December, January, February and May in the choices, I avoided them because they were generally the lowest. The summer months, June, July, August, as well as November (Thanksgiving!) were the best months. The other four months were generally toss ups so that was how I made my selections.",NULL,NULL,NULL,NULL,NULL,NULL,6/12/20 16:18,13916
b20efb35a280399539a94c5ab059ba58,cs_wg_mon_conf_choice_neg_loss_real2,3H7Z272LX78NIC2JSOKQWXJY4H8PLC,173498,538905,Male,849,No,No,,NULL,NULL,NULL,NULL,NULL,NULL,6/12/20 16:19,13917
e15db2865ad605c18637da1a62bc8843,cs_wg_mon_conf_choice_neg_loss_real2,3J4Q2Z4UTY4OTIFXWF6H5DQO7KRQWQ,118233,849930,Female,902,No,No,This was a very interesting survey. I would like to know what the survey is about and your conclusions. The compensation is good as well. Time well spent!,NULL,NULL,NULL,NULL,NULL,NULL,6/12/20 16:19,13918
9dcbeda4bb6cde119a03df27f7cb4d0a,cs_wg_mon_conf_choice_neg_loss_real2,3MB8LZR5BFUM7L53FWFI0GXZA7SLKX,119366,1224851,Male,1107,No,No,None. Thank you!,NULL,NULL,NULL,NULL,NULL,NULL,6/12/20 16:19,13920
6fc48fbef096b85dcb0ed8c217b9585c,cs_wg_mon_conf_choice_neg_loss_real2,3WS1NTTKEYDYU3O3PS22MJD6ZD90FA,52586,639459,Female,945,No,No,,NULL,NULL,NULL,NULL,NULL,NULL,6/12/20 16:20,13922
ccdf44f382e9f623c0bc9f137bc3c9eb,cs_wg_mon_conf_choice_neg_loss_real2,3Z4AIRP3C6EF1E06L5CO6VWN8A61X0,340372,880197,Male,1067,No,No,,NULL,NULL,NULL,NULL,NULL,NULL,6/12/20 16:20,13923
cf27242a0aff042fd5897e4fa69a55f9,cs_wg_mon_conf_choice_neg_loss_real2,3300DTYQT2IUCIT6BFCBJ7JO0F7EQH,49455,624202,Male,848,Yes,Yes,it is a very usefull,NULL,NULL,NULL,NULL,NULL,NULL,6/12/20 16:20,13926
cc2713cbce5e0ffd566088cf29f74f2f,cs_wg_mon_conf_choice_neg_loss_real2,3ZY8KE4ISJ4BETFS651LJB7A0ACVQ6,76998,1152128,Male,837,Yes,Yes,GOOD,NULL,NULL,NULL,NULL,NULL,NULL,6/12/20 16:22,13928
fd6d2c7d2c8abf436c56f213a0bdb672,cs_wg_mon_conf_choice_neg_loss_real2,3PJUZCGDJ6H7BI2THAFP52XDFC489P,93172,985051,Female,1059,Yes,No,i would like that on a study,NULL,NULL,NULL,NULL,NULL,NULL,6/12/20 16:22,13929
02c00370b9665353711a395fbd79427a,cs_wg_mon_conf_choice_neg_loss_real2,34QN5IT0TZSPFOEGHEWWCRWKC9R08O,168206,1013363,Male,801,No,No,THANK YOU. ,NULL,NULL,NULL,NULL,NULL,NULL,6/12/20 16:22,13931
cf618cf7ebdf13accd8c2c8d69418150,cs_wg_mon_conf_choice_neg_loss_real2,3JZQSN0I3QBV57ZO3UR57B0M6UTFGN,154070,978875,Male,994,No,No,I answered the question in part 2 but the timer didn't stop.  Is there a missing submit button or something?,NULL,NULL,NULL,NULL,NULL,NULL,6/12/20 16:22,13932
c5fe3cee09d62b34a1d113b5ba708c85,cs_wg_mon_conf_choice_neg_loss_real2,37W3JXSD669X2K6JNPNBIZTQ6TIWY9,76907,563515,Male,1066,No,No,Thank you for the opportunity to contribute to your research!,NULL,NULL,NULL,NULL,NULL,NULL,6/12/20 16:23,13934
277b41cabdc0b8b64318a39aad306b4a,cs_wg_mon_conf_choice_neg_loss_real2,3AMW0RGHOD3D6C5441059PNN9C2PN8,137897,886420,Female,922,No,No,It's been fun but challenging!,NULL,NULL,NULL,NULL,NULL,NULL,6/12/20 16:23,13935
15a16b7d5424c203026cd20f1622d56b,cs_wg_mon_conf_choice_neg_loss_real2,3QEMNNSB2X0FEUARJLSLDYK8VDDD7O,102160,470267,Male,817,No,No,No,NULL,NULL,NULL,NULL,NULL,NULL,6/12/20 16:24,13942
6942c5270dd6d9bd4e98c500a86aa219,cs_wg_mon_conf_choice_neg_loss_real2,3JWH6J9I9SEB2I4ULWI4E5IYS8INBG,139504,647656,Male,1025,No,No,,NULL,NULL,NULL,NULL,NULL,NULL,6/12/20 16:25,13943
b2f57f51e4baaa6d8ee35cdbb2d68e48,cs_wg_mon_conf_choice_neg_loss_real2,3FTYUGLFSUM0RQW8VSDOFE6C48S5DD,441355,2184740,Male,1040,No,No,none,NULL,NULL,NULL,NULL,NULL,NULL,6/12/20 16:25,13945
ddff42fc9a6e5d769c821e68009e6205,cs_wg_mon_conf_choice_neg_loss_real2,3ND9UOO81K3D2LZK4AYLORRUXEELW6,57152,589693,Male,1001,No,No,Thanks!,NULL,NULL,NULL,NULL,NULL,NULL,6/12/20 16:26,13947
ba751f3c8ffebc0fec902b37f134682f,cs_wg_mon_conf_choice_neg_loss_real2,3DY4FPOOA1PBQUUSJKQLO1HFWXWVRR,111548,973536,Male,1026,No,No,I entered January for the month I thought was the worst but I accidentally erased it and not re enter it before the page expired,NULL,NULL,NULL,NULL,NULL,NULL,6/12/20 16:26,13948
faa172c4d614272578aef983d3c8d0ed,cs_wg_mon_conf_choice_neg_loss_real2,3RANCT1ZVFIOX8O3IXUQS0AS04JUBN,108271,1010610,Female,1067,No,No,This was fun!  could do this all day long!,NULL,NULL,NULL,NULL,NULL,NULL,6/12/20 16:26,13950
776e1da53d8c691ac849a40273bcfe9a,cs_wg_mon_conf_choice_neg_loss_real2,3WR9XG3T63C2EYRYQARSAUQ2I1C74Z,107338,619640,Female,877,No,No,NOPE,NULL,NULL,NULL,NULL,NULL,NULL,6/12/20 16:28,13952
3f5c0bbfbd5f8178b39fe212f4e9ec71,cs_wg_mon_conf_choice_neg_loss_real2,3137ONMDKG63ZTZS8J7ZPTFMUS0EGO,62438,633492,Male,846,No,No,,NULL,NULL,NULL,NULL,NULL,NULL,6/12/20 16:28,13955
49f1f24f59c3e894d58d1104dd4622ae,cs_wg_mon_conf_choice_neg_loss_real2,3QHK8ZVMIMJLEI199J2P1DE9ND0LBU,49037,407803,Female,816,No,No,,NULL,NULL,NULL,NULL,NULL,NULL,6/12/20 16:28,13957
e39ded79b154d24cfbc8ad751c5e705f,cs_wg_mon_conf_choice_neg_loss_real2,3DEL4X4EL6MCRKB9XUJXKI7XFUYXYB,101663,753183,Male,974,No,No,,NULL,NULL,NULL,NULL,NULL,NULL,6/12/20 16:29,13959
989e456d931ebc22fe0f11c610b1f1ee,cs_wg_mon_conf_choice_neg_loss_real2,3WETL7AQWT929YUB237C25K0DV453G,160174,1741533,Male,1080,No,No,,NULL,NULL,NULL,NULL,NULL,NULL,6/12/20 16:29,13960
9b7a2892cbcbf08d70ee0bb85c44f7da,cs_wg_mon_conf_choice_neg_loss_real2,3IGI0VL647LVLCT3P1NQKPIXZ6QNO7,106433,823487,Male,876,No,No,,NULL,NULL,NULL,NULL,NULL,NULL,6/12/20 16:29,13962
20cdd30409170b94729baa04b0fd72a1,cs_wg_mon_conf_choice_neg_loss_real2,35USIKEBNRH5W6NZP51W3PW6E7LN69,37078,653091,Male,858,No,Yes,nice,NULL,NULL,NULL,NULL,NULL,NULL,6/12/20 16:31,13966
78de17d4c833854c7a1320fe85091b0e,cs_wg_mon_conf_choice_neg_loss_real2,3O6CYIULED2GLBMEDOQMFENDA55WU9,144328,1176038,Female,1049,No,No,None,NULL,NULL,NULL,NULL,NULL,NULL,6/12/20 16:31,13968
08d8a866e937e66bc2bbc357f0cc4377,cs_wg_mon_conf_choice_neg_loss_real2,3ERMJ6L4DYTIIOG4WEROWO724SNM7Z,147006,758245,Male,962,No,No,none,NULL,NULL,NULL,NULL,NULL,NULL,6/12/20 16:31,13969
1b8069686831b32b15138e14667ae002,cs_wg_mon_conf_choice_neg_loss_real2,3LQ8PUHQFLTTFUWPO8F8V8PF1MXIHF,870810,1628973,Female,888,No,No,fun!,NULL,NULL,NULL,NULL,NULL,NULL,6/12/20 16:32,13970
420ea0d51a44eefad31fc47d3d4a8071,cs_wg_mon_conf_choice_neg_loss_real2,3TK8OJTYM1MQEHED6SMWJ6H0VFEPVZ,100002,1003388,Male,1117,No,No,"I believe that while January, March, and December were good months, I think October was the best.",NULL,NULL,NULL,NULL,NULL,NULL,6/12/20 16:33,13972
c7356a2196f8aadee82ee7874338e0b5,cs_wg_mon_conf_choice_neg_loss_real2,3SNLUL3WO4O0AHAF9AJK636XCYOUL1,116623,795980,Male,1028,No,No,,NULL,NULL,NULL,NULL,NULL,NULL,6/12/20 16:33,13973
de7e146af9e60e9cfc71f89d5718f696,cs_wg_mon_conf_choice_neg_loss_real2,3HVVDCPGTET5A32PSKI0VFMR2Z1TYH,199775,1054305,Female,990,No,No,"This was a great study, it also helped my memorie and also it was fun we use these skills everyday to remember different things.",NULL,NULL,NULL,NULL,NULL,NULL,6/12/20 16:33,13974
ca65035aa8ac17af18349464e06d4bb5,cs_wg_mon_conf_choice_neg_loss_real2,37U1UTWH9VNDFIYFBRFBWNX7LYAR8V,58890,759108,Female,1031,No,No,,NULL,NULL,NULL,NULL,NULL,NULL,6/12/20 16:34,13975
4099310285aadf12238257d0198a95e5,cs_wg_mon_conf_choice_neg_loss_real2,3NVC2EB65Q00BM4VD5C9D2IT80S3YE,59868,665170,Female,1005,No,No,,NULL,NULL,NULL,NULL,NULL,NULL,6/12/20 16:36,13979
e9fd0e6593f7e821c9a10b25a880daf8,cs_wg_mon_conf_choice_neg_loss_real2,3PW9OPU9PQLE0YX9XGRVG52RV1J214,76147,747366,Female,837,No,No,none,NULL,NULL,NULL,NULL,NULL,NULL,6/12/20 16:36,13980
e72b05519954a499dc7c14c3c888dd1e,cs_wg_mon_conf_choice_neg_loss_real2,33OOO72IVHMS701KWS0BYOU8ZBMTCC,46285,419742,Male,873,Yes,Yes,good survry,NULL,NULL,NULL,NULL,NULL,NULL,6/12/20 16:36,13981
adfc4119386c8e78ee97a80fdf6b32d0,cs_wg_mon_conf_choice_neg_loss_real2,3RJSC4XJ10V6S6VEJGPT07MTAJ5051,38211,531906,Male,882,No,No,Thanks for the fun study! enjoyed it!,NULL,NULL,NULL,NULL,NULL,NULL,6/12/20 16:36,13982
9dee6cdf23480372755377d001922398,cs_wg_mon_conf_choice_neg_loss_real2,3VHHR074H3IYC6YJW2Q9WBSD4NA7LV,116724,845517,Male,1100,No,No,No,NULL,NULL,NULL,NULL,NULL,NULL,6/12/20 16:38,13985
a9fbc0a4e8598056235376e7708f57ac,cs_wg_mon_conf_choice_neg_loss_real2,3TXMY6UCAEPFFK9SFO6GTJJLF4OQCW,142963,849601,Male,1024,No,No,none,NULL,NULL,NULL,NULL,NULL,NULL,6/12/20 16:40,13989
46a91066975ee740f468499789163a46,cs_wg_mon_conf_choice_neg_loss_real2,3UWN2HHPUY6AJ4LWWI4Z4USYWWLSN3,159431,1114424,Male,1088,No,No,Thank you.,NULL,NULL,NULL,NULL,NULL,NULL,6/12/20 16:40,13990
6d5ec701a1bc8f282f94d8deadb9f16b,cs_wg_mon_conf_choice_neg_loss_real2,3Q5C1WP23M26ZVGWFZTTEC53FBA518,119859,944900,Male,1079,No,No,all good,NULL,NULL,NULL,NULL,NULL,NULL,6/12/20 16:41,13992
9dcea3a69cd19a678e4c634eaed2c6fa,cs_wg_mon_conf_choice_neg_loss_real2,3TAYZSBPLL9EUIW3AZ6FC6P0L1X2SP,107361,828990,Male,987,No,No,Very intriguing ,NULL,NULL,NULL,NULL,NULL,NULL,6/12/20 16:41,13996
e90bdc899a41d3b822755db6437821fd,cs_wg_mon_conf_choice_neg_loss_real2,3X4MXAO0BGPO5JUX9UVHA30T368RW7,171384,866098,Male,1048,No,No,No,NULL,NULL,NULL,NULL,NULL,NULL,6/12/20 16:41,13997
129135b587274f4a9c2f48a96886be20,cs_wg_mon_conf_choice_neg_loss_real2,3OVHNO1VE62YY4GX2GK44ID757FDZ7,105417,701908,Female,1079,No,No,It was kind of fun and very interesting. Thank you.,NULL,NULL,NULL,NULL,NULL,NULL,6/12/20 16:42,13998
59babb30ae98ebc2bd0833f6689e304c,cs_wg_mon_conf_choice_neg_loss_real2,3DH6GAKTYYQ1WFBOYC7IH3N8NV6ZYM,86560,1410019,Male,1017,No,No,"It was hard to remember which months came to mind during the 15 seconds; my memory on some of those answers may have been faulty. It happened pretty fast. I do remember that at some point during the 15 seconds, I tried to go from the beginning of the calendar through and consider each month, though I ran out of time early in the year. Also, I'm not confident my June answer to the worst-month question was correct. ",NULL,NULL,NULL,NULL,NULL,NULL,6/12/20 16:42,13999
a5917484e93b9ac2fea4ef8714b8a726,cs_wg_mon_conf_choice_neg_loss_real2,3VJ40NV2QIOTGPYNMX92TOOPOP2OT1,945667,1675141,Female,979,No,No,,NULL,NULL,NULL,NULL,NULL,NULL,6/12/20 16:43,14003
9b841eb80aadb4d7939b11eaef546f0c,cs_wg_mon_conf_choice_neg_loss_real2,3U8YCDAGXPHVLSEC38DWYIHK6F7Q0J,82726,660326,Female,1041,No,No,,NULL,NULL,NULL,NULL,NULL,NULL,6/12/20 16:44,14004
1fb39b03ad734ecf2bdc15f79ef262b9,cs_wg_mon_conf_choice_neg_loss_real2,3V5Q80FXIXSAA1BOKK5E4YHOTLJ23I,110693,686584,Male,889,Yes,Yes,none,NULL,NULL,NULL,NULL,NULL,NULL,6/12/20 16:44,14005
453c0e1b3e6865c451b29a2a4a8d4e39,cs_wg_mon_conf_choice_neg_loss_real2,3R5F3LQFV2LP217MSPYKFCP69LTOZM,113549,820840,Female,1076,No,No,"Great, fun study.  ",NULL,NULL,NULL,NULL,NULL,NULL,6/12/20 16:44,14008
6a481c4c4698eb84715db30c9464d635,cs_wg_mon_conf_choice_neg_loss_real2,3LUY3GC63Z1O3RDHOUJGDS1X9X8P78,478991,1597437,Male,1081,No,No,No.,NULL,NULL,NULL,NULL,NULL,NULL,6/12/20 16:45,14010
9f46a7ecaaf903bf16eea30715c1d384,cs_wg_mon_conf_choice_neg_loss_real2,3PH3VY7DJLYX7AGOJBPUW62SCNPZW6,95645,870642,Female,1106,No,No,I absolutely enjoyed this study!,NULL,NULL,NULL,NULL,NULL,NULL,6/12/20 16:45,14011
c0454d783957f0e842946e0a8e6c83ae,cs_wg_mon_conf_choice_neg_loss_real2,3X3OR7WPZZ12CK3267IFABO8F748L7,146917,1052395,Female,994,No,No,I was pretty sure it was September and was entering it while the screen advanced (Just FYI!) I quickly learned that my birthday month of October was a bad bet. Fun!,NULL,NULL,NULL,NULL,NULL,NULL,6/12/20 16:45,14012
fdb375681a1f3d80998d28cc7becbeb3,cs_wg_mon_conf_choice_neg_loss_real2,31UV0MXWNQDHZ1CUN6EZ6BMPWCU5I7,285289,1038212,Female,965,No,No,,NULL,NULL,NULL,NULL,NULL,NULL,6/12/20 16:46,14013
37307c03dfa89c92995e6c19ec9f366d,cs_wg_mon_conf_choice_neg_loss_real2,3CCZ6YKWR7KOO0JRJC8MTINMDNW95J,386936,1593569,Male,930,No,No,no,NULL,NULL,NULL,NULL,NULL,NULL,6/12/20 16:46,14014
459234c0cb014300f16e3f7a4e28d992,cs_wg_mon_conf_choice_neg_loss_real2,38BQUHLA9W1P3U83D08Q7ATXUH4OMY,64234,688052,Male,887,No,No,"no ,i really like thsi hit",NULL,NULL,NULL,NULL,NULL,NULL,6/12/20 16:46,14015
ff5fac86f89b9d165c36dde3a5c3a762,cs_wg_mon_conf_choice_neg_loss_real2,33IZTU6J812FVYZ0YOR82WJWYA0XSX,69106,643214,Male,869,No,No,I have never done a study like this. Thanks!,NULL,NULL,NULL,NULL,NULL,NULL,6/12/20 16:49,14021
2ca6ecb5a20b9ebf4ee5943268636945,cs_wg_mon_conf_choice_neg_loss_real2,3RKNTXVS3MZKX0PWXD3CKLSSJ974AC,30984,614961,Male,873,No,No,this survey is a very nice ,NULL,NULL,NULL,NULL,NULL,NULL,6/12/20 16:49,14022
db0e0f518e0e7178387ede10c20e95ae,cs_wg_mon_conf_choice_neg_loss_real2,37ZHEEHM6WNHW28UQWM90PYW41L37F,162171,1033185,Male,1027,No,No,none,NULL,NULL,NULL,NULL,NULL,NULL,6/12/20 16:49,14023
b7bc0acd79b8e31aee69e6e9996001dc,cs_wg_mon_conf_choice_neg_loss_real2,317HQ483I7TLPQI0R6AL0SMBNYNNIA,38226,832208,Male,877,Yes,Yes,Survey is very knowledge improvment.,NULL,NULL,NULL,NULL,NULL,NULL,6/12/20 16:50,14024
173b3b133f412250b1356fc8b823021b,cs_wg_mon_conf_choice_neg_loss_real2,31Q0U3WYDPGLMZUF3S8QCWJZ6H571P,360873,1576556,Female,1017,No,No,"It was a great time.
",NULL,NULL,NULL,NULL,NULL,NULL,6/12/20 16:50,14025
52eb936bf57b6d0805679657591a6ab3,cs_wg_mon_conf_choice_neg_loss_real2,3VZLGYJEYLBCWALETGLGYPGZLPWXZY,133671,567633,Female,768,No,No,,NULL,NULL,NULL,NULL,NULL,NULL,6/12/20 16:50,14026
0fc0e632f3a205ac11dbdb04a2200d6c,cs_wg_mon_conf_choice_neg_loss_real2,352YTHGROVEZ7NXA3JD417FWW4U4HK,102418,3086085,Male,929,No,No,n/a,NULL,NULL,NULL,NULL,NULL,NULL,6/12/20 16:50,14027
01cc66d9b33ae0c07e750ceb33f3ec9f,cs_wg_mon_conf_choice_neg_loss_real2,3R2UR8A0IAH0X677R7AZIR9V1LWOXQ,106712,889554,Female,1009,No,No,,NULL,NULL,NULL,NULL,NULL,NULL,6/12/20 16:50,14028
74d2409e3b4bd5b80ed30d0220f0e97f,cs_wg_mon_conf_choice_neg_loss_real2,3CP1TO84PT2DOGYSY3T7JVF87HC25A,66538,1110873,Male,937,Yes,Yes,nice,NULL,NULL,NULL,NULL,NULL,NULL,6/12/20 16:51,14030
40ad2ac90b245cbbf0854d42d3735f91,cs_wg_mon_conf_choice_neg_loss_real2,3WS1NTTKEYDYU3O3PS22MJD6ZDKF00,181322,940459,Male,901,No,No,,NULL,NULL,NULL,NULL,NULL,NULL,6/12/20 16:51,14031
c1f4f90645836e6b6626abee3c70dde4,cs_wg_mon_conf_choice_neg_loss_real2,3NS0A6KXC491AOQO46LCA3G4IZ4ZGC,101623,876839,Male,1042,No,No,none,NULL,NULL,NULL,NULL,NULL,NULL,6/12/20 16:52,14032
d8563c341e61ae5b2749a0b01cce6c76,cs_wg_mon_conf_choice_neg_loss_real2,3JRJSWSMQHM25HN4D40F6ZQDQOSE3F,67115,679082,Male,1103,No,No,Nothing from me.,NULL,NULL,NULL,NULL,NULL,NULL,6/12/20 16:54,14037
9355ad816fd425234993e84fba545490,cs_wg_mon_conf_choice_neg_loss_real2,3KIBXJ1WD5VUD680SOVASX1T5CHKOX,128276,1096000,Female,1071,No,No,no,NULL,NULL,NULL,NULL,NULL,NULL,6/12/20 16:54,14038
eae588ce51f2dcbcc9f83b31040adbe9,cs_wg_mon_conf_choice_neg_loss_real2,3NGI5ARFTT6AS5YFZE27CIAK6B71PM,168043,995538,Female,1041,No,No,It was highly engaging,NULL,NULL,NULL,NULL,NULL,NULL,6/12/20 16:55,14040
848563d825cceac43a63958bc0216ac8,cs_wg_mon_conf_choice_neg_loss_real2,37TD41K0AHARS0O57SVLOJYMXSDCSB,125814,915359,Male,1027,No,No,Thanks,NULL,NULL,NULL,NULL,NULL,NULL,6/12/20 16:56,14042
1069e0351056f583edff1e29de195950,cs_wg_mon_conf_choice_neg_loss_real2,37FMASSAYCSJOHT3OG5C9XMH694IBB,901200,1707798,Male,829,No,No,Nice,NULL,NULL,NULL,NULL,NULL,NULL,6/12/20 16:56,14044
7d4a4b679091a290b5cd687976b3bf23,cs_wg_mon_conf_choice_neg_loss_real2,3DI28L7YXAF6VE9PQ0MWI6BGS4DE1M,67960,1069524,Male,859,Yes,Yes,,NULL,NULL,NULL,NULL,NULL,NULL,6/12/20 16:59,14045
d4002eeecccfa74ac4d9ab2c4838ae29,cs_wg_mon_conf_choice_neg_loss_real2,33F859I566EJSMIJIYNR9LL26WYBHK,62978,792041,Male,982,No,No,"I thought I had a pretty good grasp on which months were best and worst by the end, but it was harder than I thought. I did not use any pencil/paper, but I did consider it",NULL,NULL,NULL,NULL,NULL,NULL,6/12/20 16:59,14046
069d6d1cdb83d3ff7831ff8f94f9949a,cs_wg_mon_conf_choice_neg_loss_real2,3AAPLD8UCCIJO8C0IKEC9FROC3STHM,74338,818711,Female,1049,No,No,NA,NULL,NULL,NULL,NULL,NULL,NULL,6/12/20 16:59,14047
079002dcb5fc23eabbc6357fe048a4c6,cs_wg_mon_conf_choice_neg_loss_real2,38JBBYETQOBNND68DI5YG4IJ4OOE40,38245,583103,Female,900,Yes,Yes,good,NULL,NULL,NULL,NULL,NULL,NULL,6/12/20 16:59,14050
20c47ff119cd249df4d8b51dd8b97a70,cs_wg_mon_conf_choice_neg_loss_real2,324G5B4FB39LFA9X794QYR0P1P570S,66505,844518,Female,1008,No,No,None - thank you! ,NULL,NULL,NULL,NULL,NULL,NULL,6/12/20 17:00,14052
4cae5121404aa2052c6cb5047763e814,cs_wg_mon_conf_choice_neg_loss_real2,3Z4XG4ZF48SXCEKRKQL3L5JVMGWX80,77709,833000,Male,1075,No,No,It would be nice to have a keyboard key that advances the questions instead of having to constantly switch between keyboard and mouse to navigate through the 132 tasks. ,NULL,NULL,NULL,NULL,NULL,NULL,6/12/20 17:01,14057
76bec21efb7013634f5adf883b4fcbc5,cs_wg_mon_conf_choice_neg_loss_real2,3FTOP5WARFPEZ5AZ8ITN1H5YSK1J07,244712,1560907,Female,1137,No,No,no,NULL,NULL,NULL,NULL,NULL,NULL,6/12/20 17:01,14058
79deb6db4533f9000c6e1caef4868b42,cs_wg_mon_conf_choice_neg_loss_real2,3IAEQB9FMELU49BSRT0X5EJPO5QDWW,76088,486113,Male,838,No,No,,NULL,NULL,NULL,NULL,NULL,NULL,6/12/20 17:04,14059
d12f33653485212d5194c00e5779ef59,cs_wg_mon_conf_choice_neg_loss_real2,3WLEIWSYHOIP49INZ5UG8SIYCQM2HA,78848,992621,Female,1045,No,No,No,NULL,NULL,NULL,NULL,NULL,NULL,6/12/20 17:04,14060
3f18416ac07e86f01ba99951e35700d7,cs_wg_mon_conf_choice_neg_loss_real2,3PDJHANYK5HDMA1OM76JY5ZASVPH67,69803,668911,Female,834,No,No,"I picked November as one of the three months I considered because that's my birthday month. not sure if that will have an effect on your findings
",NULL,NULL,NULL,NULL,NULL,NULL,6/12/20 17:05,14061
0a5b4172ea8c78d9dab89595d2601c4d,cs_wg_mon_conf_choice_neg_loss_real2,3TDXMTX3CBVDI5C8SPO4YH0PS80I6X,38969,437327,Female,895,Yes,Yes,good,NULL,NULL,NULL,NULL,NULL,NULL,6/12/20 17:05,14062
e10f57f1f38d3e1c7122d3ffa78325d7,cs_wg_mon_conf_choice_neg_loss_real2,33SA9F9TRXVZWFPSNOBHBW1AOHOWE5,67902,711149,Female,965,No,No,no that was kind of fun though,NULL,NULL,NULL,NULL,NULL,NULL,6/12/20 17:06,14063
f7a9b62112bfb9f32c8bbc791f09d2e1,cs_wg_mon_conf_choice_neg_loss_real2,3X87C8JFV6CVM1YOCAWG8ON317FQSV,463736,1166500,Female,1017,No,No,No,NULL,NULL,NULL,NULL,NULL,NULL,6/12/20 17:06,14064
6cc4622557e552a3478e5044bef545c5,cs_wg_mon_conf_choice_neg_loss_real2,31UV0MXWNQDHZ1CUN6EZ6BMPWDS5I7,103026,840302,Male,1038,No,No,None,NULL,NULL,NULL,NULL,NULL,NULL,6/12/20 17:08,14066
f51fe8ea19f12054525a20999ee9589d,cs_wg_mon_conf_choice_neg_loss_real2,3QAPZX2QN4EET9CR1XNV20JHQ9I206,251143,1478417,Male,962,No,No,"I was so afraid of missing the timeout to choose a month, I could only think of my birthday month from a quick response.  Otherwise, I would have just selected months with betters climates.",NULL,NULL,NULL,NULL,NULL,NULL,6/12/20 17:09,14068
b982c8ffb85033105bc08099c603fbad,cs_wg_mon_conf_choice_neg_loss_real2,31HQ4X3T3SBKV4IBK5OKR2O9R1SSL8,296738,1329988,Male,886,No,Yes,interesting,NULL,NULL,NULL,NULL,NULL,NULL,6/12/20 17:09,14069
87c87e4e256741615fa71e5adc9f6d73,cs_wg_mon_conf_choice_neg_loss_real2,3MX2NQ3YC9VEPW1PMSE09L94KQYX51,89568,766692,Male,1042,No,No,This was an interesting study that delved into the perception of value in regards to a predetermined set of items. Thanks for your time and the opportunity!,NULL,NULL,NULL,NULL,NULL,NULL,6/12/20 17:11,14070
b0711ddc670362ee5145155e2d7ea3ce,cs_wg_mon_conf_choice_neg_loss_real2,30ZX6P7VF8WLVFDDN5X1K5YDPIQJ2W,160240,785180,Female,1033,No,No,no,NULL,NULL,NULL,NULL,NULL,NULL,6/12/20 17:12,14072
32e1b715b99ebb67717911a78d8ab619,cs_wg_mon_conf_choice_neg_loss_real2,3TEM0PF1Q5Y1WJA7YM7CYJALN0D0DJ,117090,637463,Male,1098,No,No,None,NULL,NULL,NULL,NULL,NULL,NULL,6/12/20 17:13,14073
34852646c2e961a0c44cd43feaba3c07,cs_wg_mon_conf_choice_neg_loss_real2,3KOPY89HM83AGX9WR5B63F35VWJJ30,401616,809432,Female,1001,No,No,none,NULL,NULL,NULL,NULL,NULL,NULL,6/12/20 17:14,14074
6ab71643ac2cc2e333fb90260ffa86ba,cs_wg_mon_conf_choice_neg_loss_real2,3X65QVEQI0O4ONTFNJYKCXKR5Y5LC6,24768,468169,Male,769,Yes,Yes,,NULL,NULL,NULL,NULL,NULL,NULL,6/12/20 17:16,14078
a8b0782de7d80bea36b29014aec65c28,cs_wg_mon_conf_choice_neg_loss_real2,3IXQG4FA2TZQDG00KMZZW4NENJUB9Y,55986,605266,Male,862,Yes,Yes,very good ,NULL,NULL,NULL,NULL,NULL,NULL,6/12/20 17:17,14082
e4a76e6ccd1245b909b6f8360c891fca,cs_wg_mon_conf_choice_neg_loss_real2,3HRMW88U16R40DGKBF6FH9XFWE4M0M,134162,988117,Male,1068,No,No,July and August seemed like the safest bets for choosing and May and October seemed like the least safe.,NULL,NULL,NULL,NULL,NULL,NULL,6/12/20 17:17,14083
9697e06468b2c6820a25893549a3c96f,cs_wg_mon_conf_choice_neg_loss_real2,3UJ1CZ6IZHQ6TFFQSI8DADSC5C05S7,75047,628051,Female,860,No,No,"None, thank you for the study!",NULL,NULL,NULL,NULL,NULL,NULL,6/12/20 17:21,14092
5c1e6a2d98118f030e7ebb15d28320a5,cs_wg_mon_conf_choice_neg_loss_real2,3D4CH1LGEAUM4X8B08RDXFEB3WO9GF,98464,681410,Female,972,No,No,"No, I think it was fun to do though.",NULL,NULL,NULL,NULL,NULL,NULL,6/12/20 17:21,14093
6f4b6870991d82258e63b798c6c3a417,cs_wg_mon_conf_choice_neg_loss_real2,3MTMREQS4VJW628G7J9VFDBJ33XWAJ,49810,398841,Female,931,No,No,,NULL,NULL,NULL,NULL,NULL,NULL,6/12/20 17:23,14098
b53e6b0ae135c52f24ec40bad5aa0d42,cs_wg_mon_conf_choice_neg_loss_real2,3ZOTGHDK5ICS1PL8XX4CJJS3M64SOW,97931,830833,Female,1056,No,No,This was pretty fun,NULL,NULL,NULL,NULL,NULL,NULL,6/12/20 17:23,14099
462f2a99130ec17ad812da4642c4da0e,cs_wg_mon_conf_choice_neg_loss_real2,33TIN5LC04BMQOTBUEDJ4FLF8SDY91,166232,964621,Male,937,No,No,None.  All was good.,NULL,NULL,NULL,NULL,NULL,NULL,6/12/20 17:24,14103
cff07ff1e78ccd68308366454f9ceec8,cs_wg_mon_conf_choice_neg_loss_real2,382M9COHEHGM4B0NSOWGT8GD31FUE6,443183,1157753,Female,962,No,No,no,NULL,NULL,NULL,NULL,NULL,NULL,6/12/20 17:24,14105
2aa7ab37bd2bf467a4cc3f45040bac36,cs_wg_mon_conf_choice_neg_loss_real2,3WAKVUDHUWH1VWLD5GIANYOWHEF7U1,85962,599734,Female,970,No,No,No,NULL,NULL,NULL,NULL,NULL,NULL,6/12/20 17:24,14106
8763097becafbc29feb06c514e340211,cs_wg_mon_conf_choice_neg_loss_real2,32SVAV9L3FAZF46SXZYTAG0M5A33AK,98351,536368,Male,886,No,No,,NULL,NULL,NULL,NULL,NULL,NULL,6/12/20 17:25,14108
9ac1174d96644d2d37d1c1243a0c431d,cs_wg_mon_conf_choice_neg_loss_real2,37TD41K0AHARS0O57SVLOJYMXSLCSJ,96736,1184470,Male,901,No,No,,NULL,NULL,NULL,NULL,NULL,NULL,6/12/20 17:28,14112
99d37b188d439ebfdf6f573fcd66f847,cs_wg_mon_conf_choice_neg_loss_real2,3LOZAJ85YDEMQZI249C2BE6S0G3X2W,107432,804712,Female,1014,No,No,No,NULL,NULL,NULL,NULL,NULL,NULL,6/12/20 17:28,14113
11ec49e9ddc9238603ec3e5dabcf5835,cs_wg_mon_conf_choice_neg_loss_real2,3PQ8K71NHXLZZP5D6ED3XOESBJMAAC,391263,1066890,Male,884,No,No,no,NULL,NULL,NULL,NULL,NULL,NULL,6/12/20 17:29,14114
2f2766574443380f220abe348d6b1e8d,cs_wg_mon_conf_choice_neg_loss_real2,3D4CH1LGEAUM4X8B08RDXFEB3XPG9P,95903,819455,Female,990,No,No,no,NULL,NULL,NULL,NULL,NULL,NULL,6/12/20 17:29,14115
196d38e1690c5dd23d1afda0e39c33e1,cs_wg_mon_conf_choice_neg_loss_real2,37QW5D2ZRGNPGXYSQGFGMX2371N8SW,216621,1356079,Female,904,No,No,no,NULL,NULL,NULL,NULL,NULL,NULL,6/12/20 17:30,14118
16a18c828ddbb63a96a2debadd34c3c9,cs_wg_mon_conf_choice_neg_loss_real2,37FMASSAYCSJOHT3OG5C9XMH6ALBIN,127147,831164,Female,1054,No,No,No,NULL,NULL,NULL,NULL,NULL,NULL,6/12/20 17:31,14119
28b394bd9c04bc39a9b0a51c7e467770,cs_wg_mon_conf_choice_neg_loss_real2,3DHE4R9OCWCB4DNCFZCYNS6XXRGG2Y,92784,618087,Male,996,No,No,I don't really have any comments. It was an enjoyable study though. Thanks!,NULL,NULL,NULL,NULL,NULL,NULL,6/12/20 17:31,14120
1366737f1a205df75236c9c3d3f77bd5,cs_wg_mon_conf_choice_neg_loss_real2,3RYC5T2D73UYLAXWX8HMI9SXAAIRPR,175610,1032623,Male,937,No,No,no comments,NULL,NULL,NULL,NULL,NULL,NULL,6/12/20 17:32,14123
d5c1808a52a64b618df51733780f15ae,cs_wg_mon_conf_choice_neg_loss_real2,3U84XHCDICELY8X495JB1EJ1SUY4ZX,204326,879572,Female,1028,No,No,,NULL,NULL,NULL,NULL,NULL,NULL,6/12/20 17:33,14125
04307bea68a133c549ac95b791a8e94d,cs_wg_mon_conf_choice_neg_loss_real2,3ZOTGHDK5ICS1PL8XX4CJJS3M76OSW,141575,793031,Female,1038,No,No,"None, but thank you",NULL,NULL,NULL,NULL,NULL,NULL,6/12/20 17:36,14129
7cd94353a0b71c4eff5bb0d6f61fdbaa,cs_wg_mon_conf_choice_neg_loss_real2,3WR9XG3T63C2EYRYQARSAUQ2I2U74J,153040,762316,Female,995,No,No,No,NULL,NULL,NULL,NULL,NULL,NULL,6/12/20 17:36,14130
1af6565eabff67058f2c358457348018,cs_wg_mon_conf_choice_neg_loss_real2,32VNZTT0A75CWHBDZOPYFBH2JDJR4V,130994,804260,Male,900,No,No,I hope my inputs help your research.,NULL,NULL,NULL,NULL,NULL,NULL,6/12/20 17:38,14132
cb5a5f09467f848eeb07f07d07c67af8,cs_wg_mon_conf_choice_neg_loss_real2,3RKNTXVS3MZKX0PWXD3CKLSSJA0A4D,101924,808888,Female,1021,No,No,no,NULL,NULL,NULL,NULL,NULL,NULL,6/12/20 17:38,14133
17d23a852d2f1185676f338239a9b5b4,cs_wg_mon_conf_choice_neg_loss_real2,3MAOD8E57QBIFL7VQSAM329QBC3NXO,179070,955743,Female,822,No,No,VERY INTERESTING SURVEY.,NULL,NULL,NULL,NULL,NULL,NULL,6/12/20 17:38,14134
dbd01bb1a180e8d388b9305081f488ce,cs_wg_mon_conf_choice_neg_loss_real2,3U5JL4WY5KAWTDXP8NVQ4T3QKU3X4W,326822,961412,Female,877,Yes,Yes,good,NULL,NULL,NULL,NULL,NULL,NULL,6/12/20 17:40,14135
c20eb049a9bf9feb7bc90c362a4fef47,cs_wg_mon_conf_choice_neg_loss_real2,3EQHHY4HQST33A6ZXIEWLZ99H1A5GR,69972,634624,Male,883,No,No,None,NULL,NULL,NULL,NULL,NULL,NULL,6/12/20 17:43,14138
d61df838b08879c2e9525dd9f8ec3631,cs_wg_mon_conf_choice_neg_loss_real2,3ERET4BTVMAR6J4UQZCSV764AE99KO,134149,892560,Male,1068,No,No,NO,NULL,NULL,NULL,NULL,NULL,NULL,6/12/20 17:43,14139
7fdba2b09090d7885b411295b5c331d0,cs_wg_mon_conf_choice_neg_loss_real2,3L6L49WXW0YNRUDF2HCVCAC6RW0452,64287,652070,Female,923,No,No,,NULL,NULL,NULL,NULL,NULL,NULL,6/12/20 17:44,14140
c23ea770aafe50f58eecf9847e76f858,cs_wg_mon_conf_choice_neg_loss_real2,3VD82FOHKQPCU8WC0BEC4EOL03HCOL,52047,663183,Female,1049,No,No,none,NULL,NULL,NULL,NULL,NULL,NULL,6/12/20 17:45,14141
ad70e816355631a0d2b5a0cb0c63c81d,cs_wg_mon_conf_choice_neg_loss_real2,3R2PKQ87NW9F78X0F5VLNDXBI9SIMM,96199,680372,Male,1031,No,No,Thank you!,NULL,NULL,NULL,NULL,NULL,NULL,6/12/20 17:45,14142
e10feb9cf3e5509ef3fca17938779f27,cs_wg_mon_conf_choice_neg_loss_real2,3JJVG1YBEBY7CTYOHWMIKOIC1OJ5BB,87660,695565,Male,994,No,No,"Really fun, took awhile for my brain to really get into it.",NULL,NULL,NULL,NULL,NULL,NULL,6/12/20 17:49,14146
1ffd35af8e9f7cf19e8870f13204057e,cs_wg_mon_conf_choice_neg_loss_real2,3R2UR8A0IAH0X677R7AZIR9V1MBXOG,66169,728282,Female,852,No,No,,NULL,NULL,NULL,NULL,NULL,NULL,6/12/20 17:51,14148
216815f620c296256e52632f3aece692,cs_wg_mon_conf_choice_neg_loss_real2,33C7UALJVLZPMDZYDX0WQWFUH2U18R,126336,774096,Male,998,No,No,Clearly March was the worst.,NULL,NULL,NULL,NULL,NULL,NULL,6/12/20 17:54,14151
c3c36def9126b440973747f6eb7dcf79,cs_wg_mon_conf_choice_neg_loss_real2,37QW5D2ZRGNPGXYSQGFGMX237278SI,67387,624968,Male,1065,No,No,NA,NULL,NULL,NULL,NULL,NULL,NULL,6/12/20 17:54,14152
37e46f1ea7af83da751d7ad3834eea66,cs_wg_mon_conf_choice_neg_loss_real2,32AT8R96GLANEU55TJGLIPKS4TWSUF,47851,547042,Female,851,No,No,no,NULL,NULL,NULL,NULL,NULL,NULL,6/12/20 17:55,14153
95a9ee243b51677af0e2ed0c2de67652,cs_wg_mon_conf_choice_neg_loss_real2,358UUM7WRZ49F4TW1MN5IN1CAGGR7O,111537,1094828,Female,923,No,No,"No.  November did not seem to be a good month, mostly, but that's about it....",NULL,NULL,NULL,NULL,NULL,NULL,6/12/20 17:55,14154
32566d758002e4d4c18ccccf5f72212e,cs_wg_mon_conf_choice_neg_loss_real2,3EQHHY4HQST33A6ZXIEWLZ99H1D5GU,91719,694952,Male,1047,No,No,This was a really fun survey.  I enjoyed it and the pay and potential bonus pay is great.,NULL,NULL,NULL,NULL,NULL,NULL,6/12/20 17:57,14156
75f322696c20d53f2c0675f807476a2c,cs_wg_mon_conf_choice_neg_loss_real2,37WLF8U1WPR4O02WSS9GBXF2KD66KF,66013,738329,Male,995,No,No,I tried to use the summer months as a baseline as they seemed consistently higher.,NULL,NULL,NULL,NULL,NULL,NULL,6/12/20 18:01,14159
f97e6fc7da0e653b464541b4b10022a7,cs_wg_mon_conf_choice_neg_loss_real2,3GD6L00D3SY472127YAFVEGP17EM1V,195989,743476,Female,829,No,No,None for now.,NULL,NULL,NULL,NULL,NULL,NULL,6/12/20 18:05,14161
49c0a351d5345443c6aca27c00c8184f,cs_wg_mon_conf_choice_neg_loss_real2,3IKZ72A5B4H1FZGAQY40XV9J77FNF5,73445,700179,Male,1047,No,No,I just wanted to say thanks for the stimulating study.,NULL,NULL,NULL,NULL,NULL,NULL,6/12/20 18:05,14162
7e10008e7b3e9c242bc08a59a4dfb2bf,cs_wg_mon_conf_choice_neg_loss_real2,3NG53N1RLVKS35I0YZBMRSXSKI48P6,56127,602796,Female,1046,No,No,,NULL,NULL,NULL,NULL,NULL,NULL,6/12/20 18:06,14163
2d10d6691795beb503daf6b01f2f98ef,cs_wg_mon_conf_choice_neg_loss_real2,3BWI6RSP7GAK60ORFG35JG2TVRYE76,50838,460622,Male,860,No,No,Hope study goes well.,NULL,NULL,NULL,NULL,NULL,NULL,6/12/20 18:11,14166
1a49370bb58171216eda716c74cd2c50,cs_wg_mon_conf_choice_neg_loss_real2,3WAKVUDHUWH1VWLD5GIANYOWHFOU7Z,174719,1282583,Male,1120,No,No,"I've performed a lot of surveys, this is wholly different than what I've come across.  I'm looking for that sweet, sweet bonus money!  ~21:40 completion time for me~",NULL,NULL,NULL,NULL,NULL,NULL,6/12/20 18:14,14168
e67e3bcb08c682044bdf5f99872e1407,cs_wg_mon_conf_choice_neg_loss_real2,3TMSXRD2X610CEVGB0G24CIGZ921WB,88304,986300,Male,1066,No,No,"This was a fascinating one, I'd love to know more about this study.",NULL,NULL,NULL,NULL,NULL,NULL,6/12/20 18:16,14171
efcb43ca176338aeba79d33d4e5dc749,cs_wg_mon_conf_choice_neg_loss_real2,32Q90QCQ1SM81FVBYASENL7F1BYKEI,112531,513165,Male,881,No,No,,NULL,NULL,NULL,NULL,NULL,NULL,6/12/20 18:16,14172
83ad93a34112ad58f44f78f7fdc2e73f,cs_wg_mon_conf_choice_neg_loss_real2,3P529IW9KYMBRZDPELOLK35U2CILF4,153814,728667,Male,858,No,No,seemed like the months with the longer names were best,NULL,NULL,NULL,NULL,NULL,NULL,6/12/20 18:17,14173
f0df9613c48986db2d2fceba9d5360d2,cs_wg_mon_conf_choice_neg_loss_real2,33FOTY3KEMMRYGPBU9G1SIBD7TKC1D,138868,1046864,Female,943,No,No,It took me a while to figure out the pattern and even then I don't know that I got it right.,NULL,NULL,NULL,NULL,NULL,NULL,6/12/20 18:18,14174
4247b6be7f2fdb5da1f1bec7f23e9f40,cs_wg_mon_conf_choice_neg_loss_real2,3X3OR7WPZZ12CK3267IFABO8F858LA,72001,846363,Male,963,No,No,No,NULL,NULL,NULL,NULL,NULL,NULL,6/12/20 18:19,14175
4195e2ee5f1734b980c1d48dcf329699,cs_wg_mon_conf_choice_neg_loss_real2,3K772S5NP8CHZPU3SPPHATRN9ULHE2,50160,524101,Male,837,No,No,I have no comments.,NULL,NULL,NULL,NULL,NULL,NULL,6/12/20 18:20,14176
51091d5fecf2966cbad0af31942f7512,cs_wg_mon_conf_choice_neg_loss_real2,3ZWFC4W1UU8MUX82J5LH6FET846FRN,52715,597849,Male,820,No,No,None,NULL,NULL,NULL,NULL,NULL,NULL,6/12/20 18:21,14177
e448be34c4d63a254fd302bfa459627e,cs_wg_mon_conf_choice_neg_loss_real2,3AZHRG4CU4L3ER8A5X10LAO9WO3305,103433,978774,Male,1015,No,No,no,NULL,NULL,NULL,NULL,NULL,NULL,6/12/20 18:23,14178
fcf5def9ea74e640fa151ffa45a595fa,cs_wg_mon_conf_choice_neg_loss_real2,3JW0YLFXRTHTDFBJ8O5NX28AVM7WW1,151026,2282425,Male,1102,No,No,,NULL,NULL,NULL,NULL,NULL,NULL,6/12/20 18:26,14181
435f0069fa89f317fc0e55599833f616,cs_wg_mon_conf_choice_neg_loss_real2,3N1FSUEFL51IV7S8HNUEAM0Y4D5D4Q,142619,957243,Male,991,No,No,"On that last question, All I know is that August was definitely the worst one. It was the worst for points and it's the worst in real life because of the heat. Other months may have flashed in my brain for a microsecond, but for sure August is the WORST!",NULL,NULL,NULL,NULL,NULL,NULL,6/12/20 18:28,14182
3105c2ead798299d314544b0a2952bd2,cs_wg_mon_conf_choice_neg_loss_real2,39GHHAVOMFSVYTS0RJGPDKVB9X44JX,78143,2043583,Female,1041,No,No,,NULL,NULL,NULL,NULL,NULL,NULL,6/12/20 18:37,14186
33e836ac00a7fe14b3855b8dc871cd8c,cs_wg_mon_conf_choice_neg_loss_real2,3R2UR8A0IAH0X677R7AZIR9V1MMOXI,260918,1241395,Male,1003,No,No,I found it interesting.  I tried concentrating on those months that scored the highest numbers and tried to keep them in mind when they would show up. ,NULL,NULL,NULL,NULL,NULL,NULL,6/12/20 18:39,14188
8214cf307f0d15dafd9f93f05ed66f11,cs_wg_mon_conf_choice_neg_loss_real2,3ITXP059PWKE0EUBHKC7BNBHND5SJQ,165777,1225458,Female,1080,No,No,Fun study! The last question that was timed ran out before I can give my answer because I had an answer then thought of another so I erased it but then it switched to the next page so I wanted to confirm my answer was: January,NULL,NULL,NULL,NULL,NULL,NULL,6/12/20 18:50,14191
a28ed2d7a970bfeacf9c3bfc8c8510ee,cs_wg_mon_conf_choice_neg_loss_real2,34V1S5K3GS2K74J5OVIRLO1M9J569W,111013,929776,Female,898,No,No,This study has been entertaining. Thank you.,NULL,NULL,NULL,NULL,NULL,NULL,6/12/20 18:52,14194
35501a97b710771c90381186d41ba3ae,cs_wg_mon_conf_choice_neg_loss_real2,33L7PJKHCGZQVXB7FGK6W2YP9LWT83,317908,1431534,Male,1081,No,No,"Yes, I chose November as the best bonus month earlier in this survey, but now I realize that I probably made a mistake, and it was April. Other than that, no comment.",NULL,NULL,NULL,NULL,NULL,NULL,6/12/20 18:55,14195
f9d8cda53c11789ee0ab0d837208c10f,cs_wg_mon_conf_choice_neg_loss_real2,35L9RVQFCOJYOLRPIP4MEBDQVIXHU1,251546,1153751,Male,1031,No,No,Thank you for a fun and informative survey. I enjoyed learning more about the months.,NULL,NULL,NULL,NULL,NULL,NULL,6/12/20 19:10,14198
5e0e6bed7b82e4ecb063fc0a989beba4,cs_wg_mon_conf_choice_neg_loss_real2,3UJ1CZ6IZHQ6TFFQSI8DADSC5CNS5H,86965,712758,Female,867,No,No,none,NULL,NULL,NULL,NULL,NULL,NULL,6/12/20 19:15,14199
a79bc83a748cbf4dfb68299eae5c0be4,cs_wg_mon_conf_choice_neg_loss_real2,3ZSY5X72NXCG0ALVI847T9N7057ROV,101495,702749,Female,874,No,No,None.,NULL,NULL,NULL,NULL,NULL,NULL,6/12/20 19:17,14202
b3d4ff11bd444b31010a4ed89ace6108,cs_wg_mon_conf_choice_neg_loss_real2,3TPZPLC3M0D628CUMIGQ0BPH4WSP3B,35445,385310,Male,878,Yes,Yes,,NULL,NULL,NULL,NULL,NULL,NULL,6/12/20 19:18,14203
d035a1970e8607c82b6566349aae07e8,cs_wg_mon_conf_choice_neg_loss_real2,3R6P78PK7KC5OCHPYEWUOFFNX4HTGR,81548,597285,Male,970,No,No,None,NULL,NULL,NULL,NULL,NULL,NULL,6/12/20 19:18,14204
6b9d0ca953f2934b7865642a3565243f,cs_wg_mon_conf_choice_neg_loss_real2,3PW9OPU9PQLE0YX9XGRVG52RV2L218,59835,564330,Male,761,No,No,no,NULL,NULL,NULL,NULL,NULL,NULL,6/12/20 19:29,14207
39c16c554122852d74a0b505053b14dd,cs_wg_mon_conf_choice_neg_loss_real2,326O153BMIZ0N9P16T6RJ8CPH2GEDE,143418,895368,Female,989,No,No,none,NULL,NULL,NULL,NULL,NULL,NULL,6/12/20 19:31,14208
5ce193f055d9d8f333556c520c69186a,cs_wg_mon_conf_choice_neg_loss_real2,34Z02EIMISE8D864KC7R3NS7QNQ0TT,89670,1489164,Male,961,No,No,no,NULL,NULL,NULL,NULL,NULL,NULL,6/12/20 19:39,14211
0b80d9a29c4ce6d8fb67c43e10901513,cs_wg_mon_conf_choice_neg_loss_real2,3BXQMRHWKZZKGZS09MKZ6GLMC47MUQ,89677,722848,Female,1001,No,No,I found it both fun and interesting! :),NULL,NULL,NULL,NULL,NULL,NULL,6/12/20 19:58,14214
4138b6fb4462b8af78f7740f9f4fd264,cs_wg_mon_conf_choice_neg_loss_real2,3PM8NZGV8YH3IIKN6K237W4VGNMXQH,74801,598328,Male,1040,No,No,Thanks that was fun and interesting!,NULL,NULL,NULL,NULL,NULL,NULL,6/12/20 20:00,14216
698dd63b715be73291d278b85dd442b8,cs_wg_mon_conf_choice_neg_loss_real2,32UTUBMZ7GXOAND3NN4VOMCBECCVBZ,136108,1016158,Male,972,No,No,,NULL,NULL,NULL,NULL,NULL,NULL,6/12/20 20:02,14217
bf0f25bf116cba2b573453a8c238035e,cs_wg_mon_conf_choice_neg_loss_real2,3WEV0KO0OMT1XSUJ7OQW8PG4ITVSDZ,76900,752542,Male,1072,No,No,No comments.,NULL,NULL,NULL,NULL,NULL,NULL,6/12/20 20:03,14218
1ee8fbffa3b97f76013b5e8cda5eced6,cs_wg_mon_conf_choice_neg_loss_real2,3QRYMNZ7FYIBY4YBLI9PEZOKYGANT0,206007,833767,Female,1066,No,No,None,NULL,NULL,NULL,NULL,NULL,NULL,6/12/20 20:06,14223
25e42b1f7f687e29f4460048ad4214b7,cs_wg_mon_conf_choice_neg_loss_real2,31Z0PCVWUKGMVJ6O5BS0I22UY187TC,93960,671957,Female,881,No,No,no,NULL,NULL,NULL,NULL,NULL,NULL,6/12/20 20:10,14224
f16c5de0a709978819b2b953ea622780,cs_wg_mon_conf_choice_neg_loss_real2,3L70J4KAZGNXXW8PQO45NPMYWNPADM,345279,1052895,Male,813,No,No,very interactive study,NULL,NULL,NULL,NULL,NULL,NULL,6/12/20 20:12,14225