"subject","version","assignmentId","cond","question","question_ind","all_values","question_order","comp_check","comp_check_pass","comp_check_rt","comp_check2","comp_check_pass2","choice","scratch","rt","early1","early2","stamp","id"
"aa1d5b03db0621cc7b9e52f923bd7d41","cs_wg_mon_conf_choice_neg_real1","3QY5DC2MXSR3L7PG4SQZ6ILSPK3UFJ",0,"Third letter late",0,"[14,2,18,18,25,14,12,7,16,20,22,3]",0,"NULL","NULL","NULL",NA,0,"July
July",NA,16000,NA,NA,"2019-06-05 12:18:24",37512
"aa1d5b03db0621cc7b9e52f923bd7d41","cs_wg_mon_conf_choice_neg_real1","3QY5DC2MXSR3L7PG4SQZ6ILSPK3UFJ",0,"choice-set",2,"[]",2,"-1","-1","-1",NA,0,"{""July"":1,""June"":1,""November"":0,""March"":0,""April"":1,""December"":0,""February"":1,""May"":0,""September"":0,""August"":1,""January"":0,""October"":0}",NA,3558,NA,NA,"2019-06-05 12:19:32",37513
"0606a6422ccf8697f3cdaf1ba5938c0e","cs_wg_mon_conf_choice_neg_real1","3HYA4D452SQU1VGEL8GT0ZQ06TK2F9",1,"Third letter late",0,"[14,2,18,18,25,14,12,7,16,20,22,3]",0,"NULL","NULL","NULL",NA,0,"May",NA,16000,NA,NA,"2019-06-05 12:19:52",37514
"313d98b69d3d4f352a3ffbef73ba44f9","cs_wg_mon_conf_choice_neg_real1","3OF2M9AATHVVNSB4BQG43NSCZYZZKF",1,"Third letter late",0,"[14,2,18,18,25,14,12,7,16,20,22,3]",0,"NULL","NULL","NULL",NA,0,"NOVEMBER",NA,16000,NA,NA,"2019-06-05 12:19:53",37515
"ef0ab7523742e158ec7d3963b238fdf7","cs_wg_mon_conf_choice_neg_real1","3K772S5NP9I6A7J09IZU5LB2JBNHEO",0,"Third letter late",0,"[14,2,18,18,25,14,12,7,16,20,22,3]",0,"NULL","NULL","NULL",NA,0,"july
",NA,16000,NA,NA,"2019-06-05 12:20:01",37516
"d6220ba5dd432def120772e2e1454e3c","cs_wg_mon_conf_choice_neg_real1","3EICBYG6453N4FUC1RWKRAREBRECJV",1,"Third letter late",0,"[14,2,18,18,25,14,12,7,16,20,22,3]",0,"NULL","NULL","NULL",NA,0,"october
october",NA,16000,NA,NA,"2019-06-05 12:20:12",37517
"33d15458e3deedb1550b0f63887c6cab","cs_wg_mon_conf_choice_neg_real1","333U7HK6IAMX970Q1NRVBG9WWRQDJW",1,"Third letter late",0,"[14,2,18,18,25,14,12,7,16,20,22,3]",0,"NULL","NULL","NULL",NA,0,"May",NA,16000,NA,NA,"2019-06-05 12:20:30",37518
"0139cd9fbefdf10ba048ff8923b8e13a","cs_wg_mon_conf_choice_neg_real1","3H8DHMCCWAISKR68J8R7CV99BGQDKV",1,"Third letter late",0,"[14,2,18,18,25,14,12,7,16,20,22,3]",0,"NULL","NULL","NULL",NA,0,"april
april",NA,16000,NA,NA,"2019-06-05 12:20:40",37519
"0606a6422ccf8697f3cdaf1ba5938c0e","cs_wg_mon_conf_choice_neg_real1","3HYA4D452SQU1VGEL8GT0ZQ06TK2F9",1,"choice-set",2,"[]",2,"-1","-1","-1",NA,0,"{""May"":1,""July"":1,""April"":0,""September"":0,""November"":0,""January"":0,""March"":0,""October"":0,""February"":0,""June"":0,""August"":0,""December"":1}",NA,4543,NA,NA,"2019-06-05 12:20:46",37520
"d5062a49bf0db1c385c0f222ebb4ba67","cs_wg_mon_conf_choice_neg_real1","3XUHV3NRVL56EOQ7YH6R1R5P6IO5HB",1,"Third letter late",0,"[14,2,18,18,25,14,12,7,16,20,22,3]",0,"NULL","NULL","NULL",NA,0,"December",NA,16000,NA,NA,"2019-06-05 12:20:50",37521
"ef0ab7523742e158ec7d3963b238fdf7","cs_wg_mon_conf_choice_neg_real1","3K772S5NP9I6A7J09IZU5LB2JBNHEO",0,"choice-set",2,"[]",2,"-1","-1","-1",NA,0,"{""September"":0,""July"":1,""March"":1,""June"":0,""April"":1,""May"":0,""February"":0,""November"":0,""January"":1,""December"":0,""August"":0,""October"":0}",NA,2285,NA,NA,"2019-06-05 12:20:56",37522
"d6220ba5dd432def120772e2e1454e3c","cs_wg_mon_conf_choice_neg_real1","3EICBYG6453N4FUC1RWKRAREBRECJV",1,"choice-set",2,"[]",2,"-1","-1","-1",NA,0,"{""May"":0,""February"":0,""June"":0,""August"":0,""October"":1,""July"":1,""January"":1,""November"":0,""March"":0,""April"":0,""September"":0,""December"":1}",NA,1987,NA,NA,"2019-06-05 12:21:03",37523
"313d98b69d3d4f352a3ffbef73ba44f9","cs_wg_mon_conf_choice_neg_real1","3OF2M9AATHVVNSB4BQG43NSCZYZZKF",1,"choice-set",2,"[]",2,"-1","-1","-1",NA,0,"{""September"":0,""November"":1,""January"":0,""December"":0,""April"":0,""July"":0,""May"":0,""March"":0,""October"":0,""February"":0,""August"":0,""June"":0}",NA,5669,NA,NA,"2019-06-05 12:21:05",37524
"65c24d0990f2c00efdeb0eda1a720966","cs_wg_mon_conf_choice_neg_real1","3WRFBPLXRBVVA5PENWDBRE41EY6N3C",0,"Third letter late",0,"[14,2,18,18,25,14,12,7,16,20,22,3]",0,"NULL","NULL","NULL",NA,0,"March",NA,16000,NA,NA,"2019-06-05 12:21:09",37525
"97f0244747728f90f985af0f5134c2b6","cs_wg_mon_conf_choice_neg_real1","36NEMU28XGKMJL62LF9DJWQY71RMWI",1,"Third letter late",0,"[14,2,18,18,25,14,12,7,16,20,22,3]",0,"NULL","NULL","NULL",NA,0,"December",NA,16000,NA,NA,"2019-06-05 12:21:35",37526
"0139cd9fbefdf10ba048ff8923b8e13a","cs_wg_mon_conf_choice_neg_real1","3H8DHMCCWAISKR68J8R7CV99BGQDKV",1,"choice-set",2,"[]",2,"-1","-1","-1",NA,0,"{""April"":1,""December"":0,""November"":0,""January"":0,""February"":0,""July"":0,""September"":0,""March"":0,""August"":0,""June"":0,""October"":0,""May"":0}",NA,3527,NA,NA,"2019-06-05 12:21:41",37527
"a502708665d7f923db9acd8187705704","cs_wg_mon_conf_choice_neg_real1","3R3YRB5GRGA8PG88TC47SHA1S4RAUN",1,"Third letter late",0,"[14,2,18,18,25,14,12,7,16,20,22,3]",0,"NULL","NULL","NULL",NA,0,"October",NA,16000,NA,NA,"2019-06-05 12:21:41",37528
"01f9c492df46b84d0e30a2551492afaf","cs_wg_mon_conf_choice_neg_real1","3GGAI1SQEW5D5N0X4O9C72JVFL9CMZ",1,"Third letter late",0,"[14,2,18,18,25,14,12,7,16,20,22,3]",0,"NULL","NULL","NULL",NA,0,"May",NA,16000,NA,NA,"2019-06-05 12:21:54",37529
"d5062a49bf0db1c385c0f222ebb4ba67","cs_wg_mon_conf_choice_neg_real1","3XUHV3NRVL56EOQ7YH6R1R5P6IO5HB",1,"choice-set",2,"[]",2,"-1","-1","-1",NA,0,"{""December"":1,""September"":1,""November"":1,""April"":0,""May"":0,""August"":0,""January"":1,""July"":0,""June"":0,""October"":1,""February"":0,""March"":1}",NA,19124,NA,NA,"2019-06-05 12:21:57",37530
"33d15458e3deedb1550b0f63887c6cab","cs_wg_mon_conf_choice_neg_real1","333U7HK6IAMX970Q1NRVBG9WWRQDJW",1,"choice-set",2,"[]",2,"-1","-1","-1",NA,0,"{""March"":1,""October"":0,""January"":1,""November"":0,""May"":1,""December"":0,""June"":1,""August"":0,""April"":0,""February"":1,""July"":0,""September"":0}",NA,20195,NA,NA,"2019-06-05 12:21:59",37531
"97f0244747728f90f985af0f5134c2b6","cs_wg_mon_conf_choice_neg_real1","36NEMU28XGKMJL62LF9DJWQY71RMWI",1,"choice-set",2,"[]",2,"-1","-1","-1",NA,0,"{""April"":0,""July"":1,""September"":1,""November"":1,""June"":0,""January"":1,""October"":1,""August"":0,""March"":0,""December"":1,""May"":0,""February"":1}",NA,6657,NA,NA,"2019-06-05 12:22:38",37532
"65c24d0990f2c00efdeb0eda1a720966","cs_wg_mon_conf_choice_neg_real1","3WRFBPLXRBVVA5PENWDBRE41EY6N3C",0,"choice-set",2,"[]",2,"-1","-1","-1",NA,0,"{""February"":1,""August"":1,""July"":0,""January"":0,""November"":1,""October"":0,""June"":1,""May"":1,""September"":0,""December"":0,""April"":1,""March"":1}",NA,4643,NA,NA,"2019-06-05 12:22:39",37533
"145a21fdb5bafa538b0f19fea5e40b91","cs_wg_mon_conf_choice_neg_real1","3JBT3HLQF99WYJ8KOILCZ4EBT85ZPG",1,"Third letter late",0,"[14,2,18,18,25,14,12,7,16,20,22,3]",0,"NULL","NULL","NULL",NA,0,"September",NA,16000,NA,NA,"2019-06-05 12:22:40",37534
"3672ba0dea8ca4c3af20936e2d0f55ae","cs_wg_mon_conf_choice_neg_real1","3U5NZHP4LS9A7Y8QIWF5ZXA6XIPHP9",1,"Third letter late",0,"[14,2,18,18,25,14,12,7,16,20,22,3]",0,"NULL","NULL","NULL",NA,0,"june",NA,16000,NA,NA,"2019-06-05 12:22:45",37535
"03b602885b5804bf01afc9a814a19c30","cs_wg_mon_conf_choice_neg_real1","3CTOC39K38XHSYZGAAO9BOZ0AGN7JX",1,"Third letter late",0,"[14,2,18,18,25,14,12,7,16,20,22,3]",0,"NULL","NULL","NULL",NA,0,"December",NA,16000,NA,NA,"2019-06-05 12:22:47",37536
"4ce73caf0540517e6cee3a82ec10425e","cs_wg_mon_conf_choice_neg_real1","3R5F3LQFV3REDJWJ9I8XA49LJ39ZOZ",1,"Third letter late",0,"[14,2,18,18,25,14,12,7,16,20,22,3]",0,"NULL","NULL","NULL",NA,0,"May
March
September
May",NA,16000,NA,NA,"2019-06-05 12:22:48",37537
"a502708665d7f923db9acd8187705704","cs_wg_mon_conf_choice_neg_real1","3R3YRB5GRGA8PG88TC47SHA1S4RAUN",1,"choice-set",2,"[]",2,"-1","-1","-1",NA,0,"{""July"":0,""June"":0,""August"":0,""April"":0,""December"":0,""October"":1,""March"":1,""November"":0,""May"":0,""January"":0,""February"":0,""September"":0}",NA,6542,NA,NA,"2019-06-05 12:22:59",37538
"b007722bc37cd70d10475ac40ecc7b3c","cs_wg_mon_conf_choice_neg_real1","3LUY3GC6307DE92E5NTT8KLCJFT7PX",1,"Third letter late",0,"[14,2,18,18,25,14,12,7,16,20,22,3]",0,"NULL","NULL","NULL",NA,0,"october",NA,16000,NA,NA,"2019-06-05 12:23:00",37539
"0588f4985fe8828b0ab3cc7b9047e4f8","cs_wg_mon_conf_choice_neg_real1","3G5W44VEU8PVWBGZLYSFIGC6O86KGC",1,"Third letter late",0,"[14,2,18,18,25,14,12,7,16,20,22,3]",0,"NULL","NULL","NULL",NA,0,"December",NA,16000,NA,NA,"2019-06-05 12:23:11",37540
"4e647d8afe3ad4afee614629541a9bc4","cs_wg_mon_conf_choice_neg_real1","3GA6AFUKOPV30933KYIYMU75SMXH3X",0,"Third letter late",0,"[14,2,18,18,25,14,12,7,16,20,22,3]",0,"NULL","NULL","NULL",NA,0,"March",NA,16000,NA,NA,"2019-06-05 12:23:17",37541
"adcee5ecf15a329d2c6291b5e01d7191","cs_wg_mon_conf_choice_neg_real1","3YGXWBAF71OX1XBRYK9GL82VTUO4CW",1,"Third letter late",0,"[14,2,18,18,25,14,12,7,16,20,22,3]",0,"NULL","NULL","NULL",NA,0,"November",NA,16000,NA,NA,"2019-06-05 12:23:24",37542
"9fc361f9a98d3c0094182d9a50ebeba5","cs_wg_mon_conf_choice_neg_real1","30X31N5D64XSA3G44797DGSD776SAP",0,"Third letter late",0,"[14,2,18,18,25,14,12,7,16,20,22,3]",0,"NULL","NULL","NULL",NA,0,"june",NA,16000,NA,NA,"2019-06-05 12:23:26",37543
"01bccaa4dd71661a7bc855c50cc08033","cs_wg_mon_conf_choice_neg_real1","33OOO72IVISHIIQHDLAOTGEN9T5CT0",1,"Third letter late",0,"[14,2,18,18,25,14,12,7,16,20,22,3]",0,"NULL","NULL","NULL",NA,0,"December",NA,16000,NA,NA,"2019-06-05 12:23:29",37544
"792de444e782773689cfe01b3b4b1748","cs_wg_mon_conf_choice_neg_real1","354P56DE9LAAR1I6X4XN3PQN6Z07SD",1,"Third letter late",0,"[14,2,18,18,25,14,12,7,16,20,22,3]",0,"NULL","NULL","NULL",NA,0,"may
may",NA,16000,NA,NA,"2019-06-05 12:23:31",37545
"3672ba0dea8ca4c3af20936e2d0f55ae","cs_wg_mon_conf_choice_neg_real1","3U5NZHP4LS9A7Y8QIWF5ZXA6XIPHP9",1,"choice-set",2,"[]",2,"-1","-1","-1",NA,0,"{""August"":0,""July"":1,""September"":0,""January"":0,""February"":0,""October"":1,""May"":1,""December"":0,""June"":1,""April"":0,""November"":1,""March"":0}",NA,6698,NA,NA,"2019-06-05 12:23:45",37546
"5528af7ee0e138e557b032194547d5bf","cs_wg_mon_conf_choice_neg_real1","379J5II41PN8W32Q03ESXD490SWELS",1,"Third letter late",0,"[14,2,18,18,25,14,12,7,16,20,22,3]",0,"NULL","NULL","NULL",NA,0,"september",NA,16000,NA,NA,"2019-06-05 12:23:49",37547
"03b602885b5804bf01afc9a814a19c30","cs_wg_mon_conf_choice_neg_real1","3CTOC39K38XHSYZGAAO9BOZ0AGN7JX",1,"choice-set",2,"[]",2,"-1","-1","-1",NA,0,"{""November"":0,""December"":1,""September"":0,""January"":0,""July"":0,""April"":0,""May"":0,""June"":1,""August"":0,""February"":1,""March"":0,""October"":0}",NA,7808,NA,NA,"2019-06-05 12:23:52",37548
"01f9c492df46b84d0e30a2551492afaf","cs_wg_mon_conf_choice_neg_real1","3GGAI1SQEW5D5N0X4O9C72JVFL9CMZ",1,"choice-set",2,"[]",2,"-1","-1","-1",NA,0,"{""July"":1,""September"":0,""May"":1,""January"":0,""October"":1,""November"":0,""August"":0,""March"":1,""June"":1,""April"":1,""February"":1,""December"":0}",NA,21368,NA,NA,"2019-06-05 12:24:03",37549
"b007722bc37cd70d10475ac40ecc7b3c","cs_wg_mon_conf_choice_neg_real1","3LUY3GC6307DE92E5NTT8KLCJFT7PX",1,"choice-set",2,"[]",2,"-1","-1","-1",NA,0,"{""December"":0,""January"":0,""August"":1,""April"":1,""November"":1,""May"":0,""September"":1,""February"":0,""October"":1,""July"":0,""June"":0,""March"":0}",NA,6326,NA,NA,"2019-06-05 12:24:05",37550
"cc6a2d2b667efa492ba164339eac64a9","cs_wg_mon_conf_choice_neg_real1","35GCEFQ6I6VPRU3XQKO5M1BAOCE3Z9",1,"Third letter late",0,"[14,2,18,18,25,14,12,7,16,20,22,3]",0,"NULL","NULL","NULL",NA,0,"July",NA,16000,NA,NA,"2019-06-05 12:24:08",37551
"145a21fdb5bafa538b0f19fea5e40b91","cs_wg_mon_conf_choice_neg_real1","3JBT3HLQF99WYJ8KOILCZ4EBT85ZPG",1,"choice-set",2,"[]",2,"-1","-1","-1",NA,0,"{""August"":1,""November"":0,""April"":0,""September"":1,""February"":0,""March"":0,""January"":0,""June"":1,""July"":1,""May"":0,""October"":0,""December"":1}",NA,18637,NA,NA,"2019-06-05 12:24:08",37552
"4ce73caf0540517e6cee3a82ec10425e","cs_wg_mon_conf_choice_neg_real1","3R5F3LQFV3REDJWJ9I8XA49LJ39ZOZ",1,"choice-set",2,"[]",2,"-1","-1","-1",NA,0,"{""February"":0,""August"":1,""October"":0,""May"":1,""December"":0,""November"":0,""April"":1,""September"":1,""March"":1,""January"":0,""June"":0,""July"":0}",NA,4598,NA,NA,"2019-06-05 12:24:10",37553
"15737b958a86bbc07d367a0122820b1f","cs_wg_mon_conf_choice_neg_real1","3C8HJ7UOP81QDGB7W2TKI0KGO3VMZ8",1,"Third letter late",0,"[14,2,18,18,25,14,12,7,16,20,22,3]",0,"NULL","NULL","NULL",NA,0,"Junr",NA,16000,NA,NA,"2019-06-05 12:24:12",37554
"acb9811940a7f4e9730d36be0a30e7fc","cs_wg_mon_conf_choice_neg_real1","38JBBYETQPHCYVV5UBFBBW2YE614EP",1,"Third letter late",0,"[14,2,18,18,25,14,12,7,16,20,22,3]",0,"NULL","NULL","NULL",NA,0,"april
july
janyar",NA,16000,NA,NA,"2019-06-05 12:24:17",37555
"0588f4985fe8828b0ab3cc7b9047e4f8","cs_wg_mon_conf_choice_neg_real1","3G5W44VEU8PVWBGZLYSFIGC6O86KGC",1,"choice-set",2,"[]",2,"-1","-1","-1",NA,0,"{""February"":0,""December"":1,""April"":0,""November"":0,""June"":0,""March"":0,""July"":1,""January"":1,""May"":0,""October"":0,""September"":1,""August"":1}",NA,8888,NA,NA,"2019-06-05 12:24:26",37556
"2a74d78b51669090f8a6d97909151eda","cs_wg_mon_conf_choice_neg_real1","3VD82FOHKRV15QL9H4OPZ680ALOCOE",1,"Third letter late",0,"[14,2,18,18,25,14,12,7,16,20,22,3]",0,"NULL","NULL","NULL",NA,0,"june
june",NA,16000,NA,NA,"2019-06-05 12:24:29",37557
"adcee5ecf15a329d2c6291b5e01d7191","cs_wg_mon_conf_choice_neg_real1","3YGXWBAF71OX1XBRYK9GL82VTUO4CW",1,"choice-set",2,"[]",2,"-1","-1","-1",NA,0,"{""September"":0,""July"":0,""February"":0,""April"":0,""June"":0,""March"":0,""August"":1,""October"":0,""December"":1,""January"":1,""May"":0,""November"":1}",NA,4310,NA,NA,"2019-06-05 12:24:35",37558
"a7645269c2219564d4519dd722f13cf1","cs_wg_mon_conf_choice_neg_real1","3WR9XG3T64IRPGGV73155MAHSJX473",1,"Third letter late",0,"[14,2,18,18,25,14,12,7,16,20,22,3]",0,"NULL","NULL","NULL",NA,0,"September
September",NA,16000,NA,NA,"2019-06-05 12:24:35",37559
"4e647d8afe3ad4afee614629541a9bc4","cs_wg_mon_conf_choice_neg_real1","3GA6AFUKOPV30933KYIYMU75SMXH3X",0,"choice-set",2,"[]",2,"-1","-1","-1",NA,0,"{""September"":1,""February"":1,""May"":0,""August"":1,""January"":0,""November"":0,""June"":1,""December"":0,""July"":1,""October"":1,""April"":0,""March"":1}",NA,4251,NA,NA,"2019-06-05 12:24:36",37560
"01bccaa4dd71661a7bc855c50cc08033","cs_wg_mon_conf_choice_neg_real1","33OOO72IVISHIIQHDLAOTGEN9T5CT0",1,"choice-set",2,"[]",2,"-1","-1","-1",NA,0,"{""November"":1,""January"":0,""August"":0,""June"":0,""October"":0,""April"":0,""July"":0,""December"":1,""September"":1,""May"":0,""March"":0,""February"":0}",NA,6380,NA,NA,"2019-06-05 12:24:36",37561
"792de444e782773689cfe01b3b4b1748","cs_wg_mon_conf_choice_neg_real1","354P56DE9LAAR1I6X4XN3PQN6Z07SD",1,"choice-set",2,"[]",2,"-1","-1","-1",NA,0,"{""October"":0,""April"":1,""February"":0,""November"":1,""March"":0,""July"":0,""May"":1,""January"":0,""June"":0,""September"":1,""August"":1,""December"":0}",NA,1855,NA,NA,"2019-06-05 12:24:38",37562
"9b1544bef9f96d79a951810764453784","cs_wg_mon_conf_choice_neg_real1","3JC6VJ2SACQR41ITSBWZK5ILTNYA55",0,"Third letter late",0,"[14,2,18,18,25,14,12,7,16,20,22,3]",0,"NULL","NULL","NULL",NA,0,"May",NA,16000,NA,NA,"2019-06-05 12:24:39",37563
"8fb788f4b7f1947957247e54d49ad334","cs_wg_mon_conf_choice_neg_real1","3QY7M81QH8TC3I5YSVOLC3ZDP5NK79",1,"Third letter late",0,"[14,2,18,18,25,14,12,7,16,20,22,3]",0,"NULL","NULL","NULL",NA,0,"june",NA,16000,NA,NA,"2019-06-05 12:24:42",37564
"575b72a6389eaee6685a520a37ceb7c1","cs_wg_mon_conf_choice_neg_real1","3TE3O85731FR4LLNC3GNHO4J9HV2R4",0,"Third letter late",0,"[14,2,18,18,25,14,12,7,16,20,22,3]",0,"NULL","NULL","NULL",NA,0,"March",NA,16000,NA,NA,"2019-06-05 12:24:45",37565
"9fc361f9a98d3c0094182d9a50ebeba5","cs_wg_mon_conf_choice_neg_real1","30X31N5D64XSA3G44797DGSD776SAP",0,"choice-set",2,"[]",2,"-1","-1","-1",NA,0,"{""April"":0,""August"":1,""December"":1,""June"":1,""July"":0,""February"":0,""September"":1,""January"":0,""November"":0,""May"":0,""March"":1,""October"":0}",NA,7144,NA,NA,"2019-06-05 12:24:49",37566
"c6e6b8d0f24a8eca0431fee027778ccf","cs_wg_mon_conf_choice_neg_real1","32AT8R96GMGCPCU2ACQYDH47EAXUS2",0,"Third letter late",0,"[14,2,18,18,25,14,12,7,16,20,22,3]",0,"NULL","NULL","NULL",NA,0,"January",NA,16000,NA,NA,"2019-06-05 12:24:54",37567
"cb7a97d1b84b2f7db47d0702c0552ad0","cs_wg_mon_conf_choice_neg_real1","3NJM2BJS4XDJQQXAW414O6DQKQKCPV",1,"Third letter late",0,"[14,2,18,18,25,14,12,7,16,20,22,3]",0,"NULL","NULL","NULL",NA,0,"October",NA,16000,NA,NA,"2019-06-05 12:24:54",37568
"febe35ef4e5436750dfae0694ab706e6","cs_wg_mon_conf_choice_neg_real1","3SPJ033422A07IVHXJE9O1JXEFWYJP",0,"Third letter late",0,"[14,2,18,18,25,14,12,7,16,20,22,3]",0,"NULL","NULL","NULL",NA,0,"May
",NA,16000,NA,NA,"2019-06-05 12:24:55",37569
"d9f95e4b4bb24a34da0eaf6b10a60f08","cs_wg_mon_conf_choice_neg_real1","3NXNZ5RS1B4SMMM7OYXWMULXEBB792",1,"Third letter late",0,"[14,2,18,18,25,14,12,7,16,20,22,3]",0,"NULL","NULL","NULL",NA,0,"
ap",NA,16000,NA,NA,"2019-06-05 12:24:57",37570
"3e7f24fcab2e1790be89c88b2a8e253e","cs_wg_mon_conf_choice_neg_real1","37C0GNLMHGALLCLJH4X62C4RAL6D6Q",1,"Third letter late",0,"[14,2,18,18,25,14,12,7,16,20,22,3]",0,"NULL","NULL","NULL",NA,0,"July",NA,16000,NA,NA,"2019-06-05 12:25:05",37571
"350701e14e541d1d2e974801138baa47","cs_wg_mon_conf_choice_neg_real1","3WMOAN2SRC4FMERX76JHA9WK5IZNV9",1,"Third letter late",0,"[14,2,18,18,25,14,12,7,16,20,22,3]",0,"NULL","NULL","NULL",NA,0,"August",NA,16000,NA,NA,"2019-06-05 12:25:05",37572
"683a8784423082929bf4549678371ba8","cs_wg_mon_conf_choice_neg_real1","3OWEPKL08AJDBOQ1P8G14VGHJ0SN7H",1,"Third letter late",0,"[14,2,18,18,25,14,12,7,16,20,22,3]",0,"NULL","NULL","NULL",NA,0,"may
may",NA,16000,NA,NA,"2019-06-05 12:25:09",37573
"9465c38635d14d19a28344227d8fe401","cs_wg_mon_conf_choice_neg_real1","3GNA64GUZFBJRHPAH7TLA5XQX5KQ5S",1,"Third letter late",0,"[14,2,18,18,25,14,12,7,16,20,22,3]",0,"NULL","NULL","NULL",NA,0,"April",NA,16000,NA,NA,"2019-06-05 12:25:13",37574
"5528af7ee0e138e557b032194547d5bf","cs_wg_mon_conf_choice_neg_real1","379J5II41PN8W32Q03ESXD490SWELS",1,"choice-set",2,"[]",2,"-1","-1","-1",NA,0,"{""October"":0,""August"":1,""February"":0,""July"":1,""September"":1,""January"":0,""December"":1,""June"":0,""March"":0,""November"":0,""April"":0,""May"":0}",NA,7232,NA,NA,"2019-06-05 12:25:15",37575
"71b9e5d3be0147c79ee924491bd791b1","cs_wg_mon_conf_choice_neg_real1","3QEMNNSB2Y64PCZO0E2Y8Q4N5WQ7DJ",1,"Third letter late",0,"[14,2,18,18,25,14,12,7,16,20,22,3]",0,"NULL","NULL","NULL",NA,0,"june",NA,16000,NA,NA,"2019-06-05 12:25:16",37576
"15737b958a86bbc07d367a0122820b1f","cs_wg_mon_conf_choice_neg_real1","3C8HJ7UOP81QDGB7W2TKI0KGO3VMZ8",1,"choice-set",2,"[]",2,"-1","-1","-1",NA,0,"{""July"":1,""February"":0,""May"":0,""June"":1,""April"":0,""March"":0,""October"":1,""December"":0,""September"":0,""November"":0,""August"":1,""January"":0}",NA,1484,NA,NA,"2019-06-05 12:25:18",37577
"d70d824270de5baca1aa20a78e3f95f3","cs_wg_mon_conf_choice_neg_real1","3WLEIWSYHPOEFR7KGY4T3K2DM8X2H7",0,"Third letter late",0,"[14,2,18,18,25,14,12,7,16,20,22,3]",0,"NULL","NULL","NULL",NA,0,"April
April",NA,16000,NA,NA,"2019-06-05 12:25:20",37578
"8f7653d451cf3a002900498bdf463d36","cs_wg_mon_conf_choice_neg_real1","3MHW492WW1K94W6XV54HXU7K0SPMV8",0,"Third letter late",0,"[14,2,18,18,25,14,12,7,16,20,22,3]",0,"NULL","NULL","NULL",NA,0,"june",NA,16000,NA,NA,"2019-06-05 12:25:29",37579
"7beae255fd7d34f1cbf5d3515d72128b","cs_wg_mon_conf_choice_neg_real1","39ASUFLU6YE3WXJFEMHG87ZW716EXE",0,"Third letter late",0,"[14,2,18,18,25,14,12,7,16,20,22,3]",0,"NULL","NULL","NULL",NA,0,"January
",NA,16000,NA,NA,"2019-06-05 12:25:33",37580
"acb9811940a7f4e9730d36be0a30e7fc","cs_wg_mon_conf_choice_neg_real1","38JBBYETQPHCYVV5UBFBBW2YE614EP",1,"choice-set",2,"[]",2,"-1","-1","-1",NA,0,"{""June"":0,""July"":0,""February"":0,""October"":0,""March"":0,""May"":1,""September"":0,""August"":1,""April"":1,""November"":0,""December"":1,""January"":1}",NA,3024,NA,NA,"2019-06-05 12:25:37",37581
"922cdd7a04398b2a20d8a0ea057fef45","cs_wg_mon_conf_choice_neg_real1","3S96KQ6I9NBRNAWVDH5ZDMW5UTHDT1",1,"Third letter late",0,"[14,2,18,18,25,14,12,7,16,20,22,3]",0,"NULL","NULL","NULL",NA,0,"december
december",NA,16000,NA,NA,"2019-06-05 12:25:37",37582
"dd1e7f800c7b8525151b2a6835f52d7d","cs_wg_mon_conf_choice_neg_real1","3UXUOQ9OKF46R5WCG4BWIPWHKTTA7K",1,"Third letter late",0,"[14,2,18,18,25,14,12,7,16,20,22,3]",0,"NULL","NULL","NULL",NA,0,"March
March
March",NA,16000,NA,NA,"2019-06-05 12:25:49",37583
"d1a0a583f6ea3f1795791b87b6991185","cs_wg_mon_conf_choice_neg_real1","3PQMUDRV7SDIM7W6BJ76QCA9BH9IIR",1,"Third letter late",0,"[14,2,18,18,25,14,12,7,16,20,22,3]",0,"NULL","NULL","NULL",NA,0,"October",NA,16000,NA,NA,"2019-06-05 12:25:51",37584
"2a74d78b51669090f8a6d97909151eda","cs_wg_mon_conf_choice_neg_real1","3VD82FOHKRV15QL9H4OPZ680ALOCOE",1,"choice-set",2,"[]",2,"-1","-1","-1",NA,0,"{""January"":1,""June"":0,""May"":1,""December"":1,""February"":1,""March"":0,""November"":1,""April"":0,""July"":1,""October"":1,""August"":0,""September"":1}",NA,9444,NA,NA,"2019-06-05 12:25:53",37585
"cc6a2d2b667efa492ba164339eac64a9","cs_wg_mon_conf_choice_neg_real1","35GCEFQ6I6VPRU3XQKO5M1BAOCE3Z9",1,"choice-set",2,"[]",2,"-1","-1","-1",NA,0,"{""January"":1,""July"":1,""March"":1,""November"":0,""April"":0,""September"":0,""August"":1,""October"":0,""December"":0,""May"":1,""February"":0,""June"":1}",NA,3833,NA,NA,"2019-06-05 12:25:57",37586
"febe35ef4e5436750dfae0694ab706e6","cs_wg_mon_conf_choice_neg_real1","3SPJ033422A07IVHXJE9O1JXEFWYJP",0,"choice-set",2,"[]",2,"-1","-1","-1",NA,0,"{""September"":0,""May"":1,""July"":0,""November"":0,""August"":0,""March"":0,""April"":0,""December"":0,""February"":0,""October"":0,""January"":0,""June"":0}",NA,2834,NA,NA,"2019-06-05 12:25:59",37587
"8fb788f4b7f1947957247e54d49ad334","cs_wg_mon_conf_choice_neg_real1","3QY7M81QH8TC3I5YSVOLC3ZDP5NK79",1,"choice-set",2,"[]",2,"-1","-1","-1",NA,0,"{""December"":0,""September"":0,""February"":0,""May"":1,""November"":0,""June"":1,""March"":0,""July"":1,""October"":0,""April"":0,""August"":0,""January"":0}",NA,4392,NA,NA,"2019-06-05 12:26:02",37588
"cb7a97d1b84b2f7db47d0702c0552ad0","cs_wg_mon_conf_choice_neg_real1","3NJM2BJS4XDJQQXAW414O6DQKQKCPV",1,"choice-set",2,"[]",2,"-1","-1","-1",NA,0,"{""December"":0,""May"":0,""April"":0,""March"":0,""February"":0,""July"":1,""January"":1,""June"":1,""August"":0,""October"":1,""September"":1,""November"":0}",NA,3446,NA,NA,"2019-06-05 12:26:02",37589
"9b1544bef9f96d79a951810764453784","cs_wg_mon_conf_choice_neg_real1","3JC6VJ2SACQR41ITSBWZK5ILTNYA55",0,"choice-set",2,"[]",2,"-1","-1","-1",NA,0,"{""July"":1,""December"":1,""January"":1,""October"":1,""November"":0,""May"":0,""June"":0,""August"":0,""February"":0,""September"":1,""March"":1,""April"":0}",NA,6228,NA,NA,"2019-06-05 12:26:02",37590
"575b72a6389eaee6685a520a37ceb7c1","cs_wg_mon_conf_choice_neg_real1","3TE3O85731FR4LLNC3GNHO4J9HV2R4",0,"choice-set",2,"[]",2,"-1","-1","-1",NA,0,"{""December"":1,""February"":1,""October"":1,""August"":1,""July"":0,""January"":0,""April"":1,""September"":1,""November"":0,""May"":1,""June"":0,""March"":1}",NA,6020,NA,NA,"2019-06-05 12:26:06",37591
"a791e7402ed884837ee8216b9a3122c6","cs_wg_mon_conf_choice_neg_real1","3DIP6YHAPDZDHWI76E5OS8I3GSXE86",0,"Third letter late",0,"[14,2,18,18,25,14,12,7,16,20,22,3]",0,"NULL","NULL","NULL",NA,0,"March",NA,16000,NA,NA,"2019-06-05 12:26:09",37592
"1ff16cb968c4e69fb8a28a2d6393b7d8","cs_wg_mon_conf_choice_neg_real1","3LWJHTCVCDTBTEIZNJ6UWHO3MZYQFB",0,"Third letter late",0,"[14,2,18,18,25,14,12,7,16,20,22,3]",0,"NULL","NULL","NULL",NA,0,"October",NA,16000,NA,NA,"2019-06-05 12:26:09",37593
"683a8784423082929bf4549678371ba8","cs_wg_mon_conf_choice_neg_real1","3OWEPKL08AJDBOQ1P8G14VGHJ0SN7H",1,"choice-set",2,"[]",2,"-1","-1","-1",NA,0,"{""August"":1,""May"":1,""July"":1,""September"":0,""October"":0,""April"":0,""December"":0,""June"":1,""February"":0,""March"":0,""November"":1,""January"":0}",NA,4107,NA,NA,"2019-06-05 12:26:09",37594
"350701e14e541d1d2e974801138baa47","cs_wg_mon_conf_choice_neg_real1","3WMOAN2SRC4FMERX76JHA9WK5IZNV9",1,"choice-set",2,"[]",2,"-1","-1","-1",NA,0,"{""June"":1,""March"":1,""February"":0,""January"":1,""September"":0,""November"":0,""August"":1,""May"":0,""July"":1,""October"":0,""December"":0,""April"":0}",NA,7794,NA,NA,"2019-06-05 12:26:10",37595
"71b9e5d3be0147c79ee924491bd791b1","cs_wg_mon_conf_choice_neg_real1","3QEMNNSB2Y64PCZO0E2Y8Q4N5WQ7DJ",1,"choice-set",2,"[]",2,"-1","-1","-1",NA,0,"{""August"":0,""May"":1,""December"":0,""July"":1,""April"":1,""October"":0,""September"":0,""November"":0,""March"":0,""February"":0,""June"":1,""January"":0}",NA,1869,NA,NA,"2019-06-05 12:26:12",37596
"c6e6b8d0f24a8eca0431fee027778ccf","cs_wg_mon_conf_choice_neg_real1","32AT8R96GMGCPCU2ACQYDH47EAXUS2",0,"choice-set",2,"[]",2,"-1","-1","-1",NA,0,"{""June"":0,""November"":0,""April"":1,""October"":1,""August"":1,""December"":0,""July"":1,""September"":1,""January"":1,""March"":1,""May"":0,""February"":1}",NA,4994,NA,NA,"2019-06-05 12:26:14",37597
"94a9cfb42f74b4de83d1fd3967c76ece","cs_wg_mon_conf_choice_neg_real1","35K3O9HUACKMWBSUESBU20ZP3WAFEO",1,"Third letter late",0,"[14,2,18,18,25,14,12,7,16,20,22,3]",0,"NULL","NULL","NULL",NA,0,"february
february",NA,16000,NA,NA,"2019-06-05 12:26:19",37598
"40a64ca0c8614b08012ef94fb31cdd9b","cs_wg_mon_conf_choice_neg_real1","3PQ8K71NHYROA7UAN7NGSGY7L1ZAAB",0,"Third letter late",0,"[14,2,18,18,25,14,12,7,16,20,22,3]",0,"NULL","NULL","NULL",NA,0,"October",NA,16000,NA,NA,"2019-06-05 12:26:20",37599
"d9f95e4b4bb24a34da0eaf6b10a60f08","cs_wg_mon_conf_choice_neg_real1","3NXNZ5RS1B4SMMM7OYXWMULXEBB792",1,"choice-set",2,"[]",2,"-1","-1","-1",NA,0,"{""November"":0,""December"":0,""July"":0,""April"":1,""September"":0,""August"":1,""June"":0,""January"":1,""March"":0,""May"":0,""October"":1,""February"":0}",NA,20308,NA,NA,"2019-06-05 12:26:24",37600
"e5d0301fef9cb79be515ad3cf0f51345","cs_wg_mon_conf_choice_neg_real1","3Y5140Z9DYNA3TJAOEXQZ9BLXV4PIA",1,"Third letter late",0,"[14,2,18,18,25,14,12,7,16,20,22,3]",0,"NULL","NULL","NULL",NA,0,"December",NA,16000,NA,NA,"2019-06-05 12:26:26",37601
"9465c38635d14d19a28344227d8fe401","cs_wg_mon_conf_choice_neg_real1","3GNA64GUZFBJRHPAH7TLA5XQX5KQ5S",1,"choice-set",2,"[]",2,"-1","-1","-1",NA,0,"{""March"":0,""January"":0,""December"":1,""September"":1,""July"":0,""February"":1,""October"":1,""May"":0,""June"":0,""November"":1,""April"":1,""August"":0}",NA,6097,NA,NA,"2019-06-05 12:26:30",37602
"a7645269c2219564d4519dd722f13cf1","cs_wg_mon_conf_choice_neg_real1","3WR9XG3T64IRPGGV73155MAHSJX473",1,"choice-set",2,"[]",2,"-1","-1","-1",NA,0,"{""June"":0,""March"":0,""May"":0,""September"":1,""November"":0,""July"":0,""February"":1,""January"":0,""April"":1,""October"":1,""August"":0,""December"":0}",NA,54981,NA,NA,"2019-06-05 12:26:31",37603
"922cdd7a04398b2a20d8a0ea057fef45","cs_wg_mon_conf_choice_neg_real1","3S96KQ6I9NBRNAWVDH5ZDMW5UTHDT1",1,"choice-set",2,"[]",2,"-1","-1","-1",NA,0,"{""July"":0,""August"":0,""April"":0,""May"":0,""January"":0,""November"":1,""March"":0,""December"":1,""February"":0,""October"":0,""September"":0,""June"":0}",NA,1752,NA,NA,"2019-06-05 12:26:32",37604
"f764987cb7c15221b700808cd74b8a8e","cs_wg_mon_conf_choice_neg_real1","3VELCLL3GLQNCAYI24GFVGGVEN71FS",0,"Third letter late",0,"[14,2,18,18,25,14,12,7,16,20,22,3]",0,"NULL","NULL","NULL",NA,0,"November",NA,16000,NA,NA,"2019-06-05 12:26:38",37605
"3e7f24fcab2e1790be89c88b2a8e253e","cs_wg_mon_conf_choice_neg_real1","37C0GNLMHGALLCLJH4X62C4RAL6D6Q",1,"choice-set",2,"[]",2,"-1","-1","-1",NA,0,"{""January"":0,""October"":0,""August"":1,""June"":1,""November"":0,""July"":1,""March"":1,""April"":0,""February"":0,""September"":0,""December"":0,""May"":1}",NA,13633,NA,NA,"2019-06-05 12:26:40",37606
"d70d824270de5baca1aa20a78e3f95f3","cs_wg_mon_conf_choice_neg_real1","3WLEIWSYHPOEFR7KGY4T3K2DM8X2H7",0,"choice-set",2,"[]",2,"-1","-1","-1",NA,0,"{""October"":0,""May"":1,""December"":1,""June"":1,""February"":1,""September"":0,""January"":1,""March"":1,""July"":1,""November"":0,""August"":0,""April"":1}",NA,6841,NA,NA,"2019-06-05 12:26:44",37607
"91f01d56e0ef3b5a99334a6c914ad292","cs_wg_mon_conf_choice_neg_real1","3SLE99ER0OKUUP7A5D3B4K9MC4QZBV",0,"Third letter late",0,"[14,2,18,18,25,14,12,7,16,20,22,3]",0,"NULL","NULL","NULL",NA,0,"November",NA,16000,NA,NA,"2019-06-05 12:26:50",37608
"94415cb36fabaf6e95aa9d2b98fe8503","cs_wg_mon_conf_choice_neg_real1","3WYGZ5XF3XMYMGPQGYMW7UV9CJ0SK4",1,"Third letter late",0,"[14,2,18,18,25,14,12,7,16,20,22,3]",0,"NULL","NULL","NULL",NA,0,"April",NA,16000,NA,NA,"2019-06-05 12:26:51",37609
"52d09e4fbcee55977d5d9b3dc1b536ae","cs_wg_mon_conf_choice_neg_real1","3S0TNUHWKUP8PQ47AJU4MQ0IGGWD8C",1,"Third letter late",0,"[14,2,18,18,25,14,12,7,16,20,22,3]",0,"NULL","NULL","NULL",NA,0,"July",NA,16000,NA,NA,"2019-06-05 12:26:54",37610
"d6e1e36a87df9fb3d16c7415438a7c53","cs_wg_mon_conf_choice_neg_real1","3W92K5RLWVOBWPLR36NVGSWYEXZV5R",1,"Third letter late",0,"[14,2,18,18,25,14,12,7,16,20,22,3]",0,"NULL","NULL","NULL",NA,0,"September",NA,16000,NA,NA,"2019-06-05 12:26:54",37611
"f6377f957e2e3b1f18a66392fd98229f","cs_wg_mon_conf_choice_neg_real1","3IFS6Q0HJJQ7GLZ2GV1KUEGWKFBISJ",0,"Third letter late",0,"[14,2,18,18,25,14,12,7,16,20,22,3]",0,"NULL","NULL","NULL",NA,0,"June",NA,16000,NA,NA,"2019-06-05 12:26:56",37612
"215eb97e51116b75271eba376b6a53dd","cs_wg_mon_conf_choice_neg_real1","3AWETUDC93Z4HXLGBNVSQ7DZ7UAZI4",1,"Third letter late",0,"[14,2,18,18,25,14,12,7,16,20,22,3]",0,"NULL","NULL","NULL",NA,0,"MARCH",NA,16000,NA,NA,"2019-06-05 12:27:02",37613
"93ab53f6f7fa915e1b3627d26a2aebf5","cs_wg_mon_conf_choice_neg_real1","35DR22AR5ER0MZ3IP20KPGVZGCFX35",1,"Third letter late",0,"[14,2,18,18,25,14,12,7,16,20,22,3]",0,"NULL","NULL","NULL",NA,0,"December
December",NA,16000,NA,NA,"2019-06-05 12:27:03",37614
"8f7653d451cf3a002900498bdf463d36","cs_wg_mon_conf_choice_neg_real1","3MHW492WW1K94W6XV54HXU7K0SPMV8",0,"choice-set",2,"[]",2,"-1","-1","-1",NA,0,"{""September"":0,""December"":0,""August"":1,""November"":0,""October"":0,""June"":1,""July"":0,""April"":1,""February"":0,""January"":0,""May"":0,""March"":1}",NA,5193,NA,NA,"2019-06-05 12:27:05",37615
"d1a0a583f6ea3f1795791b87b6991185","cs_wg_mon_conf_choice_neg_real1","3PQMUDRV7SDIM7W6BJ76QCA9BH9IIR",1,"choice-set",2,"[]",2,"-1","-1","-1",NA,0,"{""December"":1,""March"":1,""May"":1,""October"":1,""September"":1,""August"":1,""January"":0,""April"":0,""July"":0,""June"":0,""February"":0,""November"":0}",NA,6745,NA,NA,"2019-06-05 12:27:11",37616
"40a64ca0c8614b08012ef94fb31cdd9b","cs_wg_mon_conf_choice_neg_real1","3PQ8K71NHYROA7UAN7NGSGY7L1ZAAB",0,"choice-set",2,"[]",2,"-1","-1","-1",NA,0,"{""February"":0,""December"":0,""September"":0,""November"":0,""August"":0,""May"":0,""July"":0,""April"":0,""June"":0,""January"":0,""March"":0,""October"":1}",NA,3127,NA,NA,"2019-06-05 12:27:12",37617
"7beae255fd7d34f1cbf5d3515d72128b","cs_wg_mon_conf_choice_neg_real1","39ASUFLU6YE3WXJFEMHG87ZW716EXE",0,"choice-set",2,"[]",2,"-1","-1","-1",NA,0,"{""February"":1,""April"":0,""May"":0,""November"":0,""August"":0,""January"":1,""March"":1,""September"":1,""July"":0,""October"":0,""December"":0,""June"":0}",NA,11892,NA,NA,"2019-06-05 12:27:18",37618
"31f6c007bacf045f9e15afeba6eb0962","cs_wg_mon_conf_choice_neg_real1","3VAR3R6G1Q8ZTNVW0S8KXKCHKU38O4",0,"Third letter late",0,"[14,2,18,18,25,14,12,7,16,20,22,3]",0,"NULL","NULL","NULL",NA,0,"January",NA,16000,NA,NA,"2019-06-05 12:27:19",37619
"4737d0a0370e126209d3236cea5ab66f","cs_wg_mon_conf_choice_neg_real1","3FTOP5WARGV3ANZWPB30W9PD22I0JR",0,"Third letter late",0,"[14,2,18,18,25,14,12,7,16,20,22,3]",0,"NULL","NULL","NULL",NA,0,"March",NA,16000,NA,NA,"2019-06-05 12:27:21",37620
"bc98df1cc3c208a722f227fb2030f73a","cs_wg_mon_conf_choice_neg_real1","35GMH2SV3FOG2O5NDVUKPU83VX1EO9",1,"Third letter late",0,"[14,2,18,18,25,14,12,7,16,20,22,3]",0,"NULL","NULL","NULL",NA,0,"November",NA,16000,NA,NA,"2019-06-05 12:27:25",37621
"57991ae2bcfa59aeae01ce6bafa20a46","cs_wg_mon_conf_choice_neg_real1","3X87C8JFV7IKXJNLT36T3G7IBPSSQW",1,"Third letter late",0,"[14,2,18,18,25,14,12,7,16,20,22,3]",0,"NULL","NULL","NULL",NA,0,"December",NA,16000,NA,NA,"2019-06-05 12:27:25",37622
"868e086ea21cd4014edb00736f7ba8f5","cs_wg_mon_conf_choice_neg_real1","37UQDCYH6Y2QJTZARZ2SECAU53UV76",0,"Third letter late",0,"[14,2,18,18,25,14,12,7,16,20,22,3]",0,"NULL","NULL","NULL",NA,0,"june
",NA,16000,NA,NA,"2019-06-05 12:27:27",37623
"fc06126c3f63e296c7fde3e55383f9e6","cs_wg_mon_conf_choice_neg_real1","37Z929RLGAFXPZFDA70O8LI5VWRTSB",1,"Third letter late",0,"[14,2,18,18,25,14,12,7,16,20,22,3]",0,"NULL","NULL","NULL",NA,0,"October
October
",NA,16000,NA,NA,"2019-06-05 12:27:34",37624
"98fcc8f28a7e7bf721ff80e639187d74","cs_wg_mon_conf_choice_neg_real1","31QTRG6Q2UKWTTYFSWJTLX59NE2PYG",0,"Third letter late",0,"[14,2,18,18,25,14,12,7,16,20,22,3]",0,"NULL","NULL","NULL",NA,0,"December",NA,16000,NA,NA,"2019-06-05 12:27:35",37625
"e03e48c647a10b80ffed5a89cc725039","cs_wg_mon_conf_choice_neg_real1","32M8BPYGAUT4QGQBLV7350XTW4HIGZ",0,"Third letter late",0,"[14,2,18,18,25,14,12,7,16,20,22,3]",0,"NULL","NULL","NULL",NA,0,"June",NA,16000,NA,NA,"2019-06-05 12:27:36",37626
"a99c7c04bb86b1fea9635904e2e4ad46","cs_wg_mon_conf_choice_neg_real1","3HWRJOOET69V0GXGKCBT9ZI4SM4SEK",1,"Third letter late",0,"[14,2,18,18,25,14,12,7,16,20,22,3]",0,"NULL","NULL","NULL",NA,0,"September",NA,16000,NA,NA,"2019-06-05 12:27:38",37627
"a791e7402ed884837ee8216b9a3122c6","cs_wg_mon_conf_choice_neg_real1","3DIP6YHAPDZDHWI76E5OS8I3GSXE86",0,"choice-set",2,"[]",2,"-1","-1","-1",NA,0,"{""April"":0,""December"":0,""July"":0,""May"":0,""June"":0,""September"":0,""March"":1,""February"":0,""November"":1,""August"":1,""January"":0,""October"":1}",NA,27790,NA,NA,"2019-06-05 12:27:45",37628
"246ba2c4a1f0217e9fdc82459711e9c5","cs_wg_mon_conf_choice_neg_real1","3VE8AYVF8N45NAI31PPUAQ33STC8FI",0,"Third letter late",0,"[14,2,18,18,25,14,12,7,16,20,22,3]",0,"NULL","NULL","NULL",NA,0,"June",NA,16000,NA,NA,"2019-06-05 12:27:49",37629
"23fd6ac0a06a9f59d8fedd462b05e8cb","cs_wg_mon_conf_choice_neg_real1","386CSBG1O0TFALPOMQ3Q2BBQT0VQ68",1,"Third letter late",0,"[14,2,18,18,25,14,12,7,16,20,22,3]",0,"NULL","NULL","NULL",NA,0,"july",NA,16000,NA,NA,"2019-06-05 12:27:50",37630
"5dd9cc0ed2362365490f8186bc5ef95a","cs_wg_mon_conf_choice_neg_real1","3DBQWDE4Y75YOKCI1F146B2LSUXN52",0,"Third letter late",0,"[14,2,18,18,25,14,12,7,16,20,22,3]",0,"NULL","NULL","NULL",NA,0,"May",NA,16000,NA,NA,"2019-06-05 12:27:51",37631
"94a9cfb42f74b4de83d1fd3967c76ece","cs_wg_mon_conf_choice_neg_real1","35K3O9HUACKMWBSUESBU20ZP3WAFEO",1,"choice-set",2,"[]",2,"-1","-1","-1",NA,0,"{""May"":0,""February"":1,""October"":1,""March"":0,""July"":0,""January"":0,""April"":0,""June"":0,""August"":0,""November"":1,""September"":1,""December"":0}",NA,2501,NA,NA,"2019-06-05 12:27:54",37632
"f764987cb7c15221b700808cd74b8a8e","cs_wg_mon_conf_choice_neg_real1","3VELCLL3GLQNCAYI24GFVGGVEN71FS",0,"choice-set",2,"[]",2,"-1","-1","-1",NA,0,"{""December"":0,""November"":1,""February"":0,""September"":0,""March"":0,""August"":0,""October"":0,""June"":0,""May"":0,""April"":0,""January"":0,""July"":0}",NA,9223,NA,NA,"2019-06-05 12:27:56",37633
"91d0c857b88006fd8110c5eef2c0ecb2","cs_wg_mon_conf_choice_neg_real1","3TXMY6UCAFV4Q2YPWHGTOB30PM6CQM",0,"Third letter late",0,"[14,2,18,18,25,14,12,7,16,20,22,3]",0,"NULL","NULL","NULL",NA,0,"april",NA,16000,NA,NA,"2019-06-05 12:27:57",37634
"e5d0301fef9cb79be515ad3cf0f51345","cs_wg_mon_conf_choice_neg_real1","3Y5140Z9DYNA3TJAOEXQZ9BLXV4PIA",1,"choice-set",2,"[]",2,"-1","-1","-1",NA,0,"{""January"":1,""May"":0,""February"":1,""September"":0,""August"":1,""April"":0,""December"":1,""July"":0,""November"":1,""June"":1,""October"":1,""March"":0}",NA,13670,NA,NA,"2019-06-05 12:28:00",37635
"91aaee6c8f409274be7c423c16d719c3","cs_wg_mon_conf_choice_neg_real1","3R8YZBNQ9IPYEL3T508I8PBMOBF7QO",1,"Third letter late",0,"[14,2,18,18,25,14,12,7,16,20,22,3]",0,"NULL","NULL","NULL",NA,0,"december
December",NA,16000,NA,NA,"2019-06-05 12:28:07",37636
"52d09e4fbcee55977d5d9b3dc1b536ae","cs_wg_mon_conf_choice_neg_real1","3S0TNUHWKUP8PQ47AJU4MQ0IGGWD8C",1,"choice-set",2,"[]",2,"-1","-1","-1",NA,0,"{""July"":1,""September"":0,""August"":1,""February"":0,""December"":0,""October"":0,""May"":1,""June"":0,""April"":0,""November"":0,""January"":0,""March"":0}",NA,1589,NA,NA,"2019-06-05 12:28:07",37637
"93ab53f6f7fa915e1b3627d26a2aebf5","cs_wg_mon_conf_choice_neg_real1","35DR22AR5ER0MZ3IP20KPGVZGCFX35",1,"choice-set",2,"[]",2,"-1","-1","-1",NA,0,"{""October"":0,""September"":1,""March"":0,""May"":1,""February"":0,""November"":0,""June"":0,""July"":0,""January"":0,""December"":1,""April"":0,""August"":0}",NA,5857,NA,NA,"2019-06-05 12:28:08",37638
"1ff16cb968c4e69fb8a28a2d6393b7d8","cs_wg_mon_conf_choice_neg_real1","3LWJHTCVCDTBTEIZNJ6UWHO3MZYQFB",0,"choice-set",2,"[]",2,"-1","-1","-1",NA,0,"{""January"":1,""July"":0,""March"":1,""November"":0,""September"":0,""May"":0,""December"":1,""August"":0,""October"":1,""April"":0,""June"":0,""February"":1}",NA,34030,NA,NA,"2019-06-05 12:28:14",37639
"f6377f957e2e3b1f18a66392fd98229f","cs_wg_mon_conf_choice_neg_real1","3IFS6Q0HJJQ7GLZ2GV1KUEGWKFBISJ",0,"choice-set",2,"[]",2,"-1","-1","-1",NA,0,"{""February"":0,""September"":0,""March"":1,""August"":0,""November"":0,""April"":0,""October"":0,""June"":1,""July"":1,""May"":1,""January"":0,""December"":0}",NA,7071,NA,NA,"2019-06-05 12:28:21",37640
"dd1e7f800c7b8525151b2a6835f52d7d","cs_wg_mon_conf_choice_neg_real1","3UXUOQ9OKF46R5WCG4BWIPWHKTTA7K",1,"choice-set",2,"[]",2,"-1","-1","-1",NA,0,"{""June"":0,""September"":1,""May"":0,""January"":1,""July"":1,""August"":0,""December"":0,""February"":1,""March"":1,""November"":0,""April"":0,""October"":0}",NA,44093,NA,NA,"2019-06-05 12:28:24",37641
"a49b4b6bca93b2cebcfb5d8b380a1593","cs_wg_mon_conf_choice_neg_real1","3HRMW88U17XTBV5HS8GSC1HU6WD0MV",0,"Third letter late",0,"[14,2,18,18,25,14,12,7,16,20,22,3]",0,"NULL","NULL","NULL",NA,0,"june",NA,16000,NA,NA,"2019-06-05 12:28:27",37642
"94415cb36fabaf6e95aa9d2b98fe8503","cs_wg_mon_conf_choice_neg_real1","3WYGZ5XF3XMYMGPQGYMW7UV9CJ0SK4",1,"choice-set",2,"[]",2,"-1","-1","-1",NA,0,"{""September"":0,""August"":0,""March"":0,""January"":0,""December"":0,""May"":0,""April"":1,""November"":0,""October"":0,""July"":0,""June"":0,""February"":1}",NA,8099,NA,NA,"2019-06-05 12:28:29",37643
"91f01d56e0ef3b5a99334a6c914ad292","cs_wg_mon_conf_choice_neg_real1","3SLE99ER0OKUUP7A5D3B4K9MC4QZBV",0,"choice-set",2,"[]",2,"-1","-1","-1",NA,0,"{""January"":1,""April"":0,""October"":0,""June"":1,""September"":0,""July"":0,""March"":0,""August"":0,""December"":1,""February"":0,""November"":1,""May"":0}",NA,5581,NA,NA,"2019-06-05 12:28:29",37644
"d6e1e36a87df9fb3d16c7415438a7c53","cs_wg_mon_conf_choice_neg_real1","3W92K5RLWVOBWPLR36NVGSWYEXZV5R",1,"choice-set",2,"[]",2,"-1","-1","-1",NA,0,"{""November"":0,""October"":0,""April"":1,""May"":0,""January"":0,""December"":0,""July"":1,""August"":1,""September"":1,""March"":0,""February"":0,""June"":1}",NA,4933,NA,NA,"2019-06-05 12:28:29",37645
"e03e48c647a10b80ffed5a89cc725039","cs_wg_mon_conf_choice_neg_real1","32M8BPYGAUT4QGQBLV7350XTW4HIGZ",0,"choice-set",2,"[]",2,"-1","-1","-1",NA,0,"{""April"":1,""March"":0,""September"":1,""August"":0,""December"":0,""July"":0,""October"":0,""February"":1,""November"":0,""January"":1,""June"":1,""May"":0}",NA,3823,NA,NA,"2019-06-05 12:28:40",37646
"bc98df1cc3c208a722f227fb2030f73a","cs_wg_mon_conf_choice_neg_real1","35GMH2SV3FOG2O5NDVUKPU83VX1EO9",1,"choice-set",2,"[]",2,"-1","-1","-1",NA,0,"{""May"":0,""September"":0,""December"":1,""August"":0,""June"":0,""July"":1,""October"":0,""February"":0,""November"":1,""March"":0,""April"":0,""January"":1}",NA,7007,NA,NA,"2019-06-05 12:28:41",37647
"31f6c007bacf045f9e15afeba6eb0962","cs_wg_mon_conf_choice_neg_real1","3VAR3R6G1Q8ZTNVW0S8KXKCHKU38O4",0,"choice-set",2,"[]",2,"-1","-1","-1",NA,0,"{""December"":1,""April"":0,""July"":1,""October"":0,""November"":0,""September"":0,""May"":0,""January"":1,""March"":0,""August"":0,""June"":0,""February"":0}",NA,11096,NA,NA,"2019-06-05 12:28:43",37648
"a9c0956b473f3faeda6bbaf2cbac32a1","cs_wg_mon_conf_choice_neg_real1","3OVR4I9USQQ1VYLA32AB5DRCX9P4Q1",0,"Third letter late",0,"[14,2,18,18,25,14,12,7,16,20,22,3]",0,"NULL","NULL","NULL",NA,0,"june
June
June
",NA,16000,NA,NA,"2019-06-05 12:28:45",37649
"fc06126c3f63e296c7fde3e55383f9e6","cs_wg_mon_conf_choice_neg_real1","37Z929RLGAFXPZFDA70O8LI5VWRTSB",1,"choice-set",2,"[]",2,"-1","-1","-1",NA,0,"{""March"":0,""December"":0,""June"":0,""May"":0,""August"":0,""January"":0,""July"":0,""September"":0,""October"":1,""April"":1,""November"":0,""February"":0}",NA,10127,NA,NA,"2019-06-05 12:28:45",37650
"23fd6ac0a06a9f59d8fedd462b05e8cb","cs_wg_mon_conf_choice_neg_real1","386CSBG1O0TFALPOMQ3Q2BBQT0VQ68",1,"choice-set",2,"[]",2,"-1","-1","-1",NA,0,"{""August"":0,""February"":0,""May"":0,""November"":0,""September"":0,""March"":0,""June"":0,""October"":0,""December"":0,""April"":0,""July"":1,""January"":0}",NA,2090,NA,NA,"2019-06-05 12:28:52",37651
"0fdf4a969469fa3cede49637a1d740fe","cs_wg_mon_conf_choice_neg_real1","3OS4RQUCRAMOP8GA41941ST40ZXBFK",0,"Third letter late",0,"[14,2,18,18,25,14,12,7,16,20,22,3]",0,"NULL","NULL","NULL",NA,0,"may",NA,16000,NA,NA,"2019-06-05 12:28:53",37652
"3d361dcda58a848a3fceb2a596cc19a9","cs_wg_mon_conf_choice_neg_real1","3PZDLQMM0USNYJW4U6QSST5X9GS2CY",0,"Third letter late",0,"[14,2,18,18,25,14,12,7,16,20,22,3]",0,"NULL","NULL","NULL",NA,0,"February",NA,16000,NA,NA,"2019-06-05 12:28:58",37653
"4737d0a0370e126209d3236cea5ab66f","cs_wg_mon_conf_choice_neg_real1","3FTOP5WARGV3ANZWPB30W9PD22I0JR",0,"choice-set",2,"[]",2,"-1","-1","-1",NA,0,"{""November"":0,""June"":0,""October"":0,""December"":0,""August"":1,""January"":0,""September"":1,""March"":1,""February"":0,""May"":0,""July"":0,""April"":1}",NA,15966,NA,NA,"2019-06-05 12:28:59",37654
"57991ae2bcfa59aeae01ce6bafa20a46","cs_wg_mon_conf_choice_neg_real1","3X87C8JFV7IKXJNLT36T3G7IBPSSQW",1,"choice-set",2,"[]",2,"-1","-1","-1",NA,0,"{""July"":0,""December"":1,""April"":1,""November"":0,""June"":0,""January"":0,""October"":0,""March"":1,""September"":1,""May"":0,""August"":0,""February"":0}",NA,18406,NA,NA,"2019-06-05 12:29:12",37655
"98fcc8f28a7e7bf721ff80e639187d74","cs_wg_mon_conf_choice_neg_real1","31QTRG6Q2UKWTTYFSWJTLX59NE2PYG",0,"choice-set",2,"[]",2,"-1","-1","-1",NA,0,"{""April"":0,""July"":0,""September"":1,""February"":0,""May"":0,""October"":1,""December"":1,""August"":0,""November"":1,""January"":1,""March"":0,""June"":0}",NA,10138,NA,NA,"2019-06-05 12:29:14",37656
"f47ac7b9ea7e3f732912e21a5145a893","cs_wg_mon_conf_choice_neg_real1","3PH3VY7DJM4MIS5L04Z7RYM7M58WZ8",1,"Third letter late",0,"[14,2,18,18,25,14,12,7,16,20,22,3]",0,"NULL","NULL","NULL",NA,0,"April",NA,16000,NA,NA,"2019-06-05 12:29:15",37657
"a99c7c04bb86b1fea9635904e2e4ad46","cs_wg_mon_conf_choice_neg_real1","3HWRJOOET69V0GXGKCBT9ZI4SM4SEK",1,"choice-set",2,"[]",2,"-1","-1","-1",NA,0,"{""October"":0,""January"":1,""March"":0,""February"":0,""September"":1,""April"":0,""November"":0,""December"":0,""July"":0,""August"":0,""June"":0,""May"":0}",NA,8039,NA,NA,"2019-06-05 12:29:19",37658
"91d0c857b88006fd8110c5eef2c0ecb2","cs_wg_mon_conf_choice_neg_real1","3TXMY6UCAFV4Q2YPWHGTOB30PM6CQM",0,"choice-set",2,"[]",2,"-1","-1","-1",NA,0,"{""February"":1,""June"":0,""January"":0,""September"":1,""November"":0,""May"":0,""April"":1,""March"":0,""October"":1,""July"":0,""December"":0,""August"":0}",NA,5299,NA,NA,"2019-06-05 12:29:20",37659
"5dd9cc0ed2362365490f8186bc5ef95a","cs_wg_mon_conf_choice_neg_real1","3DBQWDE4Y75YOKCI1F146B2LSUXN52",0,"choice-set",2,"[]",2,"-1","-1","-1",NA,0,"{""December"":0,""September"":1,""June"":1,""May"":1,""July"":1,""February"":1,""March"":1,""November"":0,""August"":0,""January"":0,""April"":0,""October"":0}",NA,5042,NA,NA,"2019-06-05 12:29:21",37660
"246ba2c4a1f0217e9fdc82459711e9c5","cs_wg_mon_conf_choice_neg_real1","3VE8AYVF8N45NAI31PPUAQ33STC8FI",0,"choice-set",2,"[]",2,"-1","-1","-1",NA,0,"{""May"":0,""December"":0,""November"":0,""August"":0,""January"":0,""March"":0,""February"":0,""September"":1,""April"":0,""June"":1,""July"":1,""October"":0}",NA,9404,NA,NA,"2019-06-05 12:29:33",37661
"91aaee6c8f409274be7c423c16d719c3","cs_wg_mon_conf_choice_neg_real1","3R8YZBNQ9IPYEL3T508I8PBMOBF7QO",1,"choice-set",2,"[]",2,"-1","-1","-1",NA,0,"{""January"":0,""August"":1,""April"":0,""February"":0,""September"":1,""March"":0,""November"":1,""October"":1,""July"":0,""June"":0,""December"":1,""May"":0}",NA,12689,NA,NA,"2019-06-05 12:29:34",37662
"a49b4b6bca93b2cebcfb5d8b380a1593","cs_wg_mon_conf_choice_neg_real1","3HRMW88U17XTBV5HS8GSC1HU6WD0MV",0,"choice-set",2,"[]",2,"-1","-1","-1",NA,0,"{""August"":0,""October"":0,""November"":1,""September"":0,""July"":0,""December"":0,""June"":1,""February"":0,""May"":1,""April"":0,""January"":0,""March"":1}",NA,7074,NA,NA,"2019-06-05 12:29:34",37663
"868e086ea21cd4014edb00736f7ba8f5","cs_wg_mon_conf_choice_neg_real1","37UQDCYH6Y2QJTZARZ2SECAU53UV76",0,"choice-set",2,"[]",2,"-1","-1","-1",NA,0,"{""June"":1,""February"":1,""April"":1,""October"":1,""December"":1,""March"":1,""August"":1,""July"":1,""September"":1,""November"":1,""May"":1,""January"":1}",NA,79084,NA,NA,"2019-06-05 12:30:04",37664
"215eb97e51116b75271eba376b6a53dd","cs_wg_mon_conf_choice_neg_real1","3AWETUDC93Z4HXLGBNVSQ7DZ7UAZI4",1,"choice-set",2,"[]",2,"-1","-1","-1",NA,0,"{""March"":0,""July"":1,""September"":1,""June"":0,""August"":0,""January"":1,""October"":1,""May"":0,""April"":1,""November"":0,""February"":0,""December"":0}",NA,23969,NA,NA,"2019-06-05 12:30:07",37665
"630e014f43a78adc1a292826f4d1c282","cs_wg_mon_conf_choice_neg_real1","3KOPY89HM99ZRFYT8YLJY7NK5E1J34",0,"Third letter late",0,"[14,2,18,18,25,14,12,7,16,20,22,3]",0,"NULL","NULL","NULL",NA,0,"january",NA,16000,NA,NA,"2019-06-05 12:30:13",37666
"a9c0956b473f3faeda6bbaf2cbac32a1","cs_wg_mon_conf_choice_neg_real1","3OVR4I9USQQ1VYLA32AB5DRCX9P4Q1",0,"choice-set",2,"[]",2,"-1","-1","-1",NA,0,"{""April"":0,""March"":0,""October"":0,""September"":0,""February"":0,""May"":1,""July"":0,""January"":1,""November"":1,""August"":0,""December"":0,""June"":1}",NA,7165,NA,NA,"2019-06-05 12:30:21",37667
"46069a952754aca388d18129bfd46f6d","cs_wg_mon_conf_choice_neg_real1","3IQ1VMJRYURA5OK5V19GWLNNFJHA9W",0,"Third letter late",0,"[14,2,18,18,25,14,12,7,16,20,22,3]",0,"NULL","NULL","NULL",NA,0,"august",NA,16000,NA,NA,"2019-06-05 12:30:22",37668
"0fdf4a969469fa3cede49637a1d740fe","cs_wg_mon_conf_choice_neg_real1","3OS4RQUCRAMOP8GA41941ST40ZXBFK",0,"choice-set",2,"[]",2,"-1","-1","-1",NA,0,"{""July"":1,""February"":0,""October"":1,""March"":1,""November"":0,""January"":0,""August"":0,""May"":1,""June"":0,""September"":0,""April"":1,""December"":0}",NA,3217,NA,NA,"2019-06-05 12:30:28",37669
"3d361dcda58a848a3fceb2a596cc19a9","cs_wg_mon_conf_choice_neg_real1","3PZDLQMM0USNYJW4U6QSST5X9GS2CY",0,"choice-set",2,"[]",2,"-1","-1","-1",NA,0,"{""November"":0,""October"":0,""March"":0,""September"":0,""December"":1,""February"":1,""April"":0,""January"":1,""May"":0,""August"":0,""July"":0,""June"":0}",NA,17708,NA,NA,"2019-06-05 12:30:36",37670
"e2e3c1bdf74456288aa1ea07bb54a373","cs_wg_mon_conf_choice_neg_real1","3MH9DQ757XJ9Z7LBFCWHO3L4QZ3UGI",0,"Third letter late",0,"[14,2,18,18,25,14,12,7,16,20,22,3]",0,"NULL","NULL","NULL",NA,0,"december",NA,16000,NA,NA,"2019-06-05 12:30:47",37671
"46069a952754aca388d18129bfd46f6d","cs_wg_mon_conf_choice_neg_real1","3IQ1VMJRYURA5OK5V19GWLNNFJHA9W",0,"choice-set",2,"[]",2,"-1","-1","-1",NA,0,"{""April"":0,""February"":0,""August"":1,""June"":1,""December"":0,""November"":0,""October"":0,""July"":1,""March"":1,""September"":0,""May"":0,""January"":0}",NA,1837,NA,NA,"2019-06-05 12:31:08",37672
"630e014f43a78adc1a292826f4d1c282","cs_wg_mon_conf_choice_neg_real1","3KOPY89HM99ZRFYT8YLJY7NK5E1J34",0,"choice-set",2,"[]",2,"-1","-1","-1",NA,0,"{""February"":0,""September"":0,""November"":0,""October"":0,""July"":0,""December"":1,""May"":0,""January"":0,""March"":0,""August"":0,""April"":0,""June"":0}",NA,5014,NA,NA,"2019-06-05 12:31:29",37673
"472fb5f31b2df81628ada1f8fe2571bf","cs_wg_mon_conf_choice_neg_real1","3M0BCWMB8W3Q0U25UQJ45GF4V2OBWJ",1,"Third letter late",0,"[14,2,18,18,25,14,12,7,16,20,22,3]",0,"NULL","NULL","NULL",NA,0,"sepetemper",NA,16000,NA,NA,"2019-06-05 12:31:37",37674
"d70414c5cae8fef8bf26f8a44d784c1a","cs_wg_mon_conf_choice_neg_real1","3TU5ZICBRE82EZ8CF50OMP7HZVLQ8U",1,"Third letter late",0,"[14,2,18,18,25,14,12,7,16,20,22,3]",0,"NULL","NULL","NULL",NA,0,"march",NA,16000,NA,NA,"2019-06-05 12:31:51",37675
"4400595d835ddccb16ab358798e9de19","cs_wg_mon_conf_choice_neg_real1","39PAAFCODN7DHRWH425TJ82CU0LVTI",1,"Third letter late",0,"[14,2,18,18,25,14,12,7,16,20,22,3]",0,"NULL","NULL","NULL",NA,0,"December",NA,16000,NA,NA,"2019-06-05 12:31:57",37676
"e2e3c1bdf74456288aa1ea07bb54a373","cs_wg_mon_conf_choice_neg_real1","3MH9DQ757XJ9Z7LBFCWHO3L4QZ3UGI",0,"choice-set",2,"[]",2,"-1","-1","-1",NA,0,"{""March"":0,""January"":1,""February"":0,""April"":0,""December"":1,""September"":0,""July"":0,""June"":0,""November"":1,""May"":0,""October"":0,""August"":1}",NA,1364,NA,NA,"2019-06-05 12:32:02",37677
"d045f7d79d679a001954320462d4ef40","cs_wg_mon_conf_choice_neg_real1","3ERMJ6L4DZZ7T651D711RGRHEAI7M1",1,"Third letter late",0,"[14,2,18,18,25,14,12,7,16,20,22,3]",0,"NULL","NULL","NULL",NA,0,"July
July",NA,16000,NA,NA,"2019-06-05 12:32:07",37678
"83c0b73c9ab49fec14345a1c6b769ec0","cs_wg_mon_conf_choice_neg_real1","3Z4AIRP3C7K4CWP32YM11NG2IS1X1D",1,"Third letter late",0,"[14,2,18,18,25,14,12,7,16,20,22,3]",0,"NULL","NULL","NULL",NA,0,"february",NA,16000,NA,NA,"2019-06-05 12:32:45",37679
"fb86f63977a837056ec62ede6d509760","cs_wg_mon_conf_choice_neg_real1","3L0KT67Y8FNT6LE7KDNNG2AKAY9SYZ",1,"Third letter late",0,"[14,2,18,18,25,14,12,7,16,20,22,3]",0,"NULL","NULL","NULL",NA,0,"march",NA,16000,NA,NA,"2019-06-05 12:33:20",37680
"fc84b7cb1752179d2c236257cdd43442","cs_wg_mon_conf_choice_neg_real1","32SVAV9L3GGOQMVPES8658K1FR7A3F",1,"Third letter late",0,"[14,2,18,18,25,14,12,7,16,20,22,3]",0,"NULL","NULL","NULL",NA,0,"Apri",NA,16000,NA,NA,"2019-06-05 12:33:38",37681
"63b7dceac5069e991565ad20b14b10df","cs_wg_mon_conf_choice_neg_real1","3RRCEFRB7NJERSJLKKDLAOWDB9O4BP",1,"Third letter late",0,"[14,2,18,18,25,14,12,7,16,20,22,3]",0,"NULL","NULL","NULL",NA,0,"December
",NA,16000,NA,NA,"2019-06-05 12:33:41",37682
"d045f7d79d679a001954320462d4ef40","cs_wg_mon_conf_choice_neg_real1","3ERMJ6L4DZZ7T651D711RGRHEAI7M1",1,"choice-set",2,"[]",2,"-1","-1","-1",NA,0,"{""January"":0,""February"":0,""October"":0,""April"":0,""August"":0,""March"":0,""July"":1,""May"":0,""November"":1,""December"":1,""June"":0,""September"":1}",NA,10262,NA,NA,"2019-06-05 12:33:42",37683
"2bf983382a921ec7ac6e075966f6ad62","cs_wg_mon_conf_choice_neg_real1","3TAYZSBPLMF350L0RSGS7Y9FVJFS2J",0,"Third letter late",0,"[14,2,18,18,25,14,12,7,16,20,22,3]",0,"NULL","NULL","NULL",NA,0,"january",NA,16000,NA,NA,"2019-06-05 12:33:43",37684
"83c0b73c9ab49fec14345a1c6b769ec0","cs_wg_mon_conf_choice_neg_real1","3Z4AIRP3C7K4CWP32YM11NG2IS1X1D",1,"choice-set",2,"[]",2,"-1","-1","-1",NA,0,"{""August"":0,""January"":0,""September"":1,""February"":1,""December"":0,""July"":0,""May"":0,""June"":0,""October"":0,""March"":0,""November"":0,""April"":0}",NA,7000,NA,NA,"2019-06-05 12:33:57",37685
"472fb5f31b2df81628ada1f8fe2571bf","cs_wg_mon_conf_choice_neg_real1","3M0BCWMB8W3Q0U25UQJ45GF4V2OBWJ",1,"choice-set",2,"[]",2,"-1","-1","-1",NA,0,"{""July"":1,""November"":0,""June"":1,""December"":1,""October"":1,""April"":1,""September"":1,""August"":1,""March"":1,""January"":1,""February"":0,""May"":1}",NA,10165,NA,NA,"2019-06-05 12:33:59",37686
"4400595d835ddccb16ab358798e9de19","cs_wg_mon_conf_choice_neg_real1","39PAAFCODN7DHRWH425TJ82CU0LVTI",1,"choice-set",2,"[]",2,"-1","-1","-1",NA,0,"{""June"":0,""May"":0,""September"":0,""April"":0,""October"":0,""January"":1,""August"":0,""July"":0,""November"":0,""December"":1,""February"":0,""March"":0}",NA,24794,NA,NA,"2019-06-05 12:34:08",37687
"d70414c5cae8fef8bf26f8a44d784c1a","cs_wg_mon_conf_choice_neg_real1","3TU5ZICBRE82EZ8CF50OMP7HZVLQ8U",1,"choice-set",2,"[]",2,"-1","-1","-1",NA,0,"{""June"":0,""October"":1,""August"":0,""September"":0,""March"":1,""February"":1,""April"":1,""May"":0,""December"":1,""July"":0,""January"":1,""November"":1}",NA,40434,NA,NA,"2019-06-05 12:34:17",37688
"2bf983382a921ec7ac6e075966f6ad62","cs_wg_mon_conf_choice_neg_real1","3TAYZSBPLMF350L0RSGS7Y9FVJFS2J",0,"choice-set",2,"[]",2,"-1","-1","-1",NA,0,"{""March"":1,""August"":1,""July"":0,""November"":0,""January"":1,""September"":0,""October"":0,""February"":1,""April"":0,""May"":1,""December"":0,""June"":0}",NA,6587,NA,NA,"2019-06-05 12:34:52",37689
"0f1e0cfe66e80139b2fb27c4d8a033c7","cs_wg_mon_conf_choice_neg_real1","3JPSL1DZ5T6VUQOZWBSLEMI7K8YANV",0,"Third letter late",0,"[14,2,18,18,25,14,12,7,16,20,22,3]",0,"NULL","NULL","NULL",NA,0,"February",NA,16000,NA,NA,"2019-06-05 12:35:09",37690
"fb86f63977a837056ec62ede6d509760","cs_wg_mon_conf_choice_neg_real1","3L0KT67Y8FNT6LE7KDNNG2AKAY9SYZ",1,"choice-set",2,"[]",2,"-1","-1","-1",NA,0,"{""December"":1,""August"":1,""February"":0,""September"":0,""January"":0,""April"":0,""November"":0,""May"":1,""June"":0,""October"":0,""March"":1,""July"":0}",NA,18014,NA,NA,"2019-06-05 12:35:11",37691
"4a1eefef6a78750d31e2d3b82ae5d5b4","cs_wg_mon_conf_choice_neg_real1","3DY46V3X3QPUYV6CXF5ICU2Z19X55U",0,"Third letter late",0,"[14,2,18,18,25,14,12,7,16,20,22,3]",0,"NULL","NULL","NULL",NA,0,"september",NA,16000,NA,NA,"2019-06-05 12:35:20",37692
"fc84b7cb1752179d2c236257cdd43442","cs_wg_mon_conf_choice_neg_real1","32SVAV9L3GGOQMVPES8658K1FR7A3F",1,"choice-set",2,"[]",2,"-1","-1","-1",NA,0,"{""April"":1,""June"":0,""July"":0,""May"":0,""December"":1,""September"":1,""November"":0,""August"":1,""March"":0,""February"":0,""October"":0,""January"":1}",NA,49717,NA,NA,"2019-06-05 12:35:26",37693
"63b7dceac5069e991565ad20b14b10df","cs_wg_mon_conf_choice_neg_real1","3RRCEFRB7NJERSJLKKDLAOWDB9O4BP",1,"choice-set",2,"[]",2,"-1","-1","-1",NA,0,"{""October"":0,""September"":0,""June"":0,""January"":0,""December"":1,""May"":0,""February"":0,""November"":0,""March"":1,""April"":1,""July"":1,""August"":0}",NA,14700,NA,NA,"2019-06-05 12:35:26",37694
"1b25bcc0850d7e29cd083df666caba90","cs_wg_mon_conf_choice_neg_real1","373ERPL3YPFLOKF0VI0JIBD99U7RTK",0,"Third letter late",0,"[14,2,18,18,25,14,12,7,16,20,22,3]",0,"NULL","NULL","NULL",NA,0,"august",NA,16000,NA,NA,"2019-06-05 12:35:46",37695
"0f1e0cfe66e80139b2fb27c4d8a033c7","cs_wg_mon_conf_choice_neg_real1","3JPSL1DZ5T6VUQOZWBSLEMI7K8YANV",0,"choice-set",2,"[]",2,"-1","-1","-1",NA,0,"{""December"":1,""January"":1,""November"":1,""October"":0,""April"":0,""May"":0,""March"":0,""August"":0,""July"":0,""June"":0,""February"":0,""September"":1}",NA,5400,NA,NA,"2019-06-05 12:36:11",37696
"4a1eefef6a78750d31e2d3b82ae5d5b4","cs_wg_mon_conf_choice_neg_real1","3DY46V3X3QPUYV6CXF5ICU2Z19X55U",0,"choice-set",2,"[]",2,"-1","-1","-1",NA,0,"{""August"":1,""March"":0,""April"":0,""May"":1,""July"":0,""June"":0,""November"":0,""December"":1,""September"":1,""October"":0,""February"":0,""January"":0}",NA,2208,NA,NA,"2019-06-05 12:36:44",37697
"1b25bcc0850d7e29cd083df666caba90","cs_wg_mon_conf_choice_neg_real1","373ERPL3YPFLOKF0VI0JIBD99U7RTK",0,"choice-set",2,"[]",2,"-1","-1","-1",NA,0,"{""January"":0,""October"":0,""February"":0,""July"":0,""April"":0,""March"":0,""November"":0,""September"":1,""June"":0,""December"":0,""August"":1,""May"":0}",NA,6622,NA,NA,"2019-06-05 12:37:21",37698
"6c257614e0575f9ef8e3d5af08f936dc","cs_wg_mon_conf_choice_neg_real1","3MX2NQ3YCA130EQM3LOD4DTJU86X5V",1,"Third letter late",0,"[14,2,18,18,25,14,12,7,16,20,22,3]",0,"NULL","NULL","NULL",NA,0,"february",NA,16000,NA,NA,"2019-06-05 12:37:32",37699
"4465f4e68db22c6c197bdbdc3106efab","cs_wg_mon_conf_choice_neg_real1","3EFE17QCRDC7KQOIADJZU2FHK2WHSP",0,"Third letter late",0,"[14,2,18,18,25,14,12,7,16,20,22,3]",0,"NULL","NULL","NULL",NA,0,"October
",NA,16000,NA,NA,"2019-06-05 12:37:57",37700
"cba645e780f3a5f9d3e13b31ace1df49","cs_wg_mon_conf_choice_neg_real1","33CID5710505M5MTBJXWEM0C938L3A",0,"Third letter late",0,"[14,2,18,18,25,14,12,7,16,20,22,3]",0,"NULL","NULL","NULL",NA,0,"April",NA,16000,NA,NA,"2019-06-05 12:38:01",37701
"51791129ed2d04824576b6e46ba9d305","cs_wg_mon_conf_choice_neg_real1","3X0H8UUIT2VPHGJ75C5ZV5P4ZQ8WS3",1,"Third letter late",0,"[14,2,18,18,25,14,12,7,16,20,22,3]",0,"NULL","NULL","NULL",NA,0,"April
April",NA,16000,NA,NA,"2019-06-05 12:38:45",37702
"6c257614e0575f9ef8e3d5af08f936dc","cs_wg_mon_conf_choice_neg_real1","3MX2NQ3YCA130EQM3LOD4DTJU86X5V",1,"choice-set",2,"[]",2,"-1","-1","-1",NA,0,"{""January"":0,""April"":1,""December"":0,""November"":0,""May"":1,""June"":1,""October"":0,""February"":1,""July"":0,""September"":0,""March"":1,""August"":1}",NA,2193,NA,NA,"2019-06-05 12:38:56",37703
"4465f4e68db22c6c197bdbdc3106efab","cs_wg_mon_conf_choice_neg_real1","3EFE17QCRDC7KQOIADJZU2FHK2WHSP",0,"choice-set",2,"[]",2,"-1","-1","-1",NA,0,"{""February"":0,""March"":0,""November"":0,""July"":0,""June"":0,""September"":0,""August"":0,""October"":1,""May"":0,""January"":0,""December"":0,""April"":0}",NA,7639,NA,NA,"2019-06-05 12:39:10",37704
"73e424d79e3ca8f7d3cc8c8244d30878","cs_wg_mon_conf_choice_neg_real1","3OSWBBLG1F4Y4R5FIR6W2PHB7P4XD3",1,"Third letter late",0,"[14,2,18,18,25,14,12,7,16,20,22,3]",0,"NULL","NULL","NULL",NA,0,"December",NA,16000,NA,NA,"2019-06-05 12:39:11",37705
"cba645e780f3a5f9d3e13b31ace1df49","cs_wg_mon_conf_choice_neg_real1","33CID5710505M5MTBJXWEM0C938L3A",0,"choice-set",2,"[]",2,"-1","-1","-1",NA,0,"{""March"":0,""October"":1,""June"":0,""November"":0,""May"":0,""July"":1,""February"":0,""April"":1,""September"":1,""December"":0,""January"":0,""August"":0}",NA,10517,NA,NA,"2019-06-05 12:39:14",37706
"67a2ed4482769f5bf004855e2df4fdfe","cs_wg_mon_conf_choice_neg_real1","32Z9ZLUT1MRSMYWP3W2QAX5GNDTHOS",0,"Third letter late",0,"[14,2,18,18,25,14,12,7,16,20,22,3]",0,"NULL","NULL","NULL",NA,0,"January
",NA,16000,NA,NA,"2019-06-05 12:39:19",37707
"f47ac7b9ea7e3f732912e21a5145a893","cs_wg_mon_conf_choice_neg_real1","3PH3VY7DJM4MIS5L04Z7RYM7M58WZ8",0,"Third letter late",0,"[14,2,18,18,25,14,12,7,16,20,22,3]",0,"NULL","NULL","NULL",NA,0,"September",NA,16000,NA,NA,"2019-06-05 12:39:40",37708
"73e424d79e3ca8f7d3cc8c8244d30878","cs_wg_mon_conf_choice_neg_real1","3OSWBBLG1F4Y4R5FIR6W2PHB7P4XD3",1,"choice-set",2,"[]",2,"-1","-1","-1",NA,0,"{""August"":0,""November"":1,""July"":1,""February"":0,""January"":0,""December"":1,""April"":1,""May"":1,""October"":0,""June"":1,""September"":0,""March"":1}",NA,4928,NA,NA,"2019-06-05 12:40:30",37709
"9a0f02d5e86c67100757cfe642009fd0","cs_wg_mon_conf_choice_neg_real1","3KKG4CDWKJ5V3Z4OM0ZPJI1NN9L49F",0,"Third letter late",0,"[14,2,18,18,25,14,12,7,16,20,22,3]",0,"NULL","NULL","NULL",NA,0,"october",NA,16000,NA,NA,"2019-06-05 12:40:35",37710
"51791129ed2d04824576b6e46ba9d305","cs_wg_mon_conf_choice_neg_real1","3X0H8UUIT2VPHGJ75C5ZV5P4ZQ8WS3",1,"choice-set",2,"[]",2,"-1","-1","-1",NA,0,"{""August"":0,""January"":0,""November"":1,""May"":0,""December"":0,""March"":0,""February"":0,""October"":0,""June"":0,""September"":0,""April"":1,""July"":0}",NA,26862,NA,NA,"2019-06-05 12:40:44",37711
"f47ac7b9ea7e3f732912e21a5145a893","cs_wg_mon_conf_choice_neg_real1","3PH3VY7DJM4MIS5L04Z7RYM7M58WZ8",0,"choice-set",2,"[]",2,"-1","-1","-1",NA,0,"{""February"":1,""April"":0,""October"":1,""December"":0,""September"":1,""March"":0,""May"":0,""August"":0,""July"":0,""November"":1,""June"":1,""January"":0}",NA,10112,NA,NA,"2019-06-05 12:40:54",37712
"c83ecae9801a2297a2055bc7c9658b32","cs_wg_mon_conf_choice_neg_real1","3IAS3U3I0GN4OE4YG6UXH9ZFRVS2BR",0,"Third letter late",0,"[14,2,18,18,25,14,12,7,16,20,22,3]",0,"NULL","NULL","NULL",NA,0,"July",NA,16000,NA,NA,"2019-06-05 12:41:04",37713
"99b977df227b9a61fa9cf7e45403e6f3","cs_wg_mon_conf_choice_neg_real1","3HUTX6F6VVUO78T7KBZJNTZEYUB2OV",0,"Third letter late",0,"[14,2,18,18,25,14,12,7,16,20,22,3]",0,"NULL","NULL","NULL",NA,0,"july
",NA,16000,NA,NA,"2019-06-05 12:41:12",37714
"67a2ed4482769f5bf004855e2df4fdfe","cs_wg_mon_conf_choice_neg_real1","32Z9ZLUT1MRSMYWP3W2QAX5GNDTHOS",0,"choice-set",2,"[]",2,"-1","-1","-1",NA,0,"{""February"":0,""October"":1,""December"":0,""July"":1,""March"":0,""May"":0,""November"":0,""April"":1,""September"":1,""August"":1,""June"":0,""January"":0}",NA,41102,NA,NA,"2019-06-05 12:41:31",37715
"9a0f02d5e86c67100757cfe642009fd0","cs_wg_mon_conf_choice_neg_real1","3KKG4CDWKJ5V3Z4OM0ZPJI1NN9L49F",0,"choice-set",2,"[]",2,"-1","-1","-1",NA,0,"{""December"":0,""January"":0,""June"":0,""September"":0,""August"":0,""November"":0,""July"":0,""October"":1,""February"":1,""April"":1,""March"":0,""May"":0}",NA,12837,NA,NA,"2019-06-05 12:42:13",37716
"99b977df227b9a61fa9cf7e45403e6f3","cs_wg_mon_conf_choice_neg_real1","3HUTX6F6VVUO78T7KBZJNTZEYUB2OV",0,"choice-set",2,"[]",2,"-1","-1","-1",NA,0,"{""September"":1,""January"":0,""August"":0,""March"":0,""July"":1,""April"":1,""June"":1,""February"":0,""December"":0,""November"":1,""May"":1,""October"":1}",NA,4441,NA,NA,"2019-06-05 12:42:14",37717
"c83ecae9801a2297a2055bc7c9658b32","cs_wg_mon_conf_choice_neg_real1","3IAS3U3I0GN4OE4YG6UXH9ZFRVS2BR",0,"choice-set",2,"[]",2,"-1","-1","-1",NA,0,"{""April"":0,""December"":0,""February"":1,""June"":0,""July"":1,""October"":0,""January"":0,""September"":1,""August"":0,""May"":0,""November"":0,""March"":1}",NA,7445,NA,NA,"2019-06-05 12:42:14",37718
"c92997d8fe5432ef48d4cb9d8f85d723","cs_wg_mon_conf_choice_neg_real1","37M28K1J0RKZB0XEHD0TLF1QBOTAJR",0,"Third letter late",0,"[14,2,18,18,25,14,12,7,16,20,22,3]",0,"NULL","NULL","NULL",NA,0,"December",NA,16000,NA,NA,"2019-06-05 12:44:23",37719
"309f6e1d804402f9b7fa111a58cd3ce7","cs_wg_mon_conf_choice_neg_real1","3DPNQGW4LMM8LG2QOTWDZ8ALX8D464",0,"Third letter late",0,"[14,2,18,18,25,14,12,7,16,20,22,3]",0,"NULL","NULL","NULL",NA,0,"september",NA,16000,NA,NA,"2019-06-05 12:44:32",37720
"d0ccce9461ccc76063a9369e11f4dd75","cs_wg_mon_conf_choice_neg_real1","3ZAZR5XV02PD4UZGJDZ6F4F4UPQZC2",0,"Third letter late",0,"[14,2,18,18,25,14,12,7,16,20,22,3]",0,"NULL","NULL","NULL",NA,0," december\
december
",NA,16000,NA,NA,"2019-06-05 12:45:24",37721
"309f6e1d804402f9b7fa111a58cd3ce7","cs_wg_mon_conf_choice_neg_real1","3DPNQGW4LMM8LG2QOTWDZ8ALX8D464",0,"choice-set",2,"[]",2,"-1","-1","-1",NA,0,"{""November"":0,""January"":1,""May"":1,""February"":0,""October"":0,""July"":1,""August"":1,""March"":1,""April"":1,""September"":1,""June"":1,""December"":1}",NA,3988,NA,NA,"2019-06-05 12:45:29",37722
"c92997d8fe5432ef48d4cb9d8f85d723","cs_wg_mon_conf_choice_neg_real1","37M28K1J0RKZB0XEHD0TLF1QBOTAJR",0,"choice-set",2,"[]",2,"-1","-1","-1",NA,0,"{""July"":0,""February"":1,""April"":0,""August"":0,""June"":1,""May"":0,""December"":1,""September"":0,""November"":0,""March"":1,""January"":0,""October"":0}",NA,13261,NA,NA,"2019-06-05 12:45:53",37723
"d0ccce9461ccc76063a9369e11f4dd75","cs_wg_mon_conf_choice_neg_real1","3ZAZR5XV02PD4UZGJDZ6F4F4UPQZC2",0,"choice-set",2,"[]",2,"-1","-1","-1",NA,0,"{""April"":0,""March"":0,""September"":0,""October"":0,""May"":0,""August"":0,""July"":0,""December"":1,""June"":0,""February"":0,""November"":0,""January"":0}",NA,6693,NA,NA,"2019-06-05 12:46:56",37724
"09cf9580dec49b077ee9770a88e8df41","cs_wg_mon_conf_choice_neg_real1","3BWI6RSP7HG9HIDOW9DIE8M858R7EC",0,"Third letter late",0,"[14,2,18,18,25,14,12,7,16,20,22,3]",0,"NULL","NULL","NULL",NA,0,"
November",NA,16000,NA,NA,"2019-06-05 12:46:59",37725
"92edcfba76dd985512df9f92c050d52e","cs_wg_mon_conf_choice_neg_real1","3LQ8PUHQFMZIQCLM51PLQ09UB4UHIX",1,"Third letter late",0,"[14,2,18,18,25,14,12,7,16,20,22,3]",0,"NULL","NULL","NULL",NA,0,"december",NA,16000,NA,NA,"2019-06-05 12:46:59",37726
"09cf9580dec49b077ee9770a88e8df41","cs_wg_mon_conf_choice_neg_real1","3BWI6RSP7HG9HIDOW9DIE8M858R7EC",0,"choice-set",2,"[]",2,"-1","-1","-1",NA,0,"{""July"":0,""June"":0,""August"":0,""March"":0,""October"":0,""December"":0,""April"":0,""September"":0,""January"":0,""May"":0,""February"":0,""November"":1}",NA,3508,NA,NA,"2019-06-05 12:47:44",37727
"92edcfba76dd985512df9f92c050d52e","cs_wg_mon_conf_choice_neg_real1","3LQ8PUHQFMZIQCLM51PLQ09UB4UHIX",1,"choice-set",2,"[]",2,"-1","-1","-1",NA,0,"{""June"":0,""November"":1,""March"":0,""July"":0,""April"":0,""January"":0,""May"":0,""February"":0,""August"":0,""December"":1,""October"":1,""September"":1}",NA,7493,NA,NA,"2019-06-05 12:48:16",37728
"9096746f23519bd4ab0dabb1ac55e6ae","cs_wg_mon_conf_choice_neg_real1","37TD41K0AIGG3ID2OL5YJBI17ARCSB",1,"Third letter late",0,"[14,2,18,18,25,14,12,7,16,20,22,3]",0,"NULL","NULL","NULL",NA,0,"january",NA,16000,NA,NA,"2019-06-05 12:48:17",37729
"29422e4ea0bba9e443849ab80ee508e6","cs_wg_mon_conf_choice_neg_real1","3LBXNTKX0S2M11SY6B1UGTYLG4PX9M",0,"Third letter late",0,"[14,2,18,18,25,14,12,7,16,20,22,3]",0,"NULL","NULL","NULL",NA,0,"April",NA,16000,NA,NA,"2019-06-05 12:48:53",37730
"767b4ec80f793aec8fb8ccf297b115cd","cs_wg_mon_conf_choice_neg_real1","3LEP4MGT3H7RRO2EDVEEDSQJOMKBDC",1,"Third letter late",0,"[14,2,18,18,25,14,12,7,16,20,22,3]",0,"NULL","NULL","NULL",NA,0,"",NA,16000,NA,NA,"2019-06-05 12:48:53",37731
"9096746f23519bd4ab0dabb1ac55e6ae","cs_wg_mon_conf_choice_neg_real1","37TD41K0AIGG3ID2OL5YJBI17ARCSB",1,"choice-set",2,"[]",2,"-1","-1","-1",NA,0,"{""August"":0,""October"":0,""November"":0,""January"":1,""April"":1,""June"":1,""December"":1,""March"":0,""September"":0,""May"":0,""February"":0,""July"":1}",NA,12526,NA,NA,"2019-06-05 12:49:33",37732
"69586c7c19b9c41e1fb91a45c6ad9d1d","cs_wg_mon_conf_choice_neg_real1","35BLDD71I749335GAUUB5W3TFW6ZV1",1,"Third letter late",0,"[14,2,18,18,25,14,12,7,16,20,22,3]",0,"NULL","NULL","NULL",NA,0,"December
Decemb",NA,16000,NA,NA,"2019-06-05 12:50:20",37733
"29422e4ea0bba9e443849ab80ee508e6","cs_wg_mon_conf_choice_neg_real1","3LBXNTKX0S2M11SY6B1UGTYLG4PX9M",0,"choice-set",2,"[]",2,"-1","-1","-1",NA,0,"{""October"":0,""February"":1,""September"":1,""March"":0,""July"":0,""December"":0,""April"":1,""May"":0,""January"":0,""June"":0,""November"":0,""August"":0}",NA,1794,NA,NA,"2019-06-05 12:50:44",37734
"767b4ec80f793aec8fb8ccf297b115cd","cs_wg_mon_conf_choice_neg_real1","3LEP4MGT3H7RRO2EDVEEDSQJOMKBDC",1,"choice-set",2,"[]",2,"-1","-1","-1",NA,0,"{""December"":1,""July"":1,""April"":1,""January"":1,""February"":0,""June"":1,""May"":0,""August"":0,""October"":0,""September"":1,""March"":0,""November"":1}",NA,13956,NA,NA,"2019-06-05 12:51:08",37735
"69586c7c19b9c41e1fb91a45c6ad9d1d","cs_wg_mon_conf_choice_neg_real1","35BLDD71I749335GAUUB5W3TFW6ZV1",1,"choice-set",2,"[]",2,"-1","-1","-1",NA,0,"{""January"":1,""June"":0,""October"":0,""December"":1,""September"":0,""August"":1,""February"":1,""November"":1,""March"":0,""April"":0,""May"":0,""July"":1}",NA,11106,NA,NA,"2019-06-05 12:51:53",37736
"5a5909e0a2d8675b951bb8574e967d62","cs_wg_mon_conf_choice_neg_real1","34MAJL3QP5U9OXF85RYFS5Y1NHB43Y",0,"Third letter late",0,"[14,2,18,18,25,14,12,7,16,20,22,3]",0,"NULL","NULL","NULL",NA,0,"March
March
March",NA,16000,NA,NA,"2019-06-05 12:54:00",37737
"c9a66f27e1ceced4bf6de7e003821e9d","cs_wg_mon_conf_choice_neg_real1","3XUHV3NRVL56EOQ7YH6R1R5P6IOH5N",1,"Third letter late",0,"[14,2,18,18,25,14,12,7,16,20,22,3]",0,"NULL","NULL","NULL",NA,0,"August",NA,16000,NA,NA,"2019-06-05 12:55:03",37738
"5a5909e0a2d8675b951bb8574e967d62","cs_wg_mon_conf_choice_neg_real1","34MAJL3QP5U9OXF85RYFS5Y1NHB43Y",0,"choice-set",2,"[]",2,"-1","-1","-1",NA,0,"{""June"":0,""July"":0,""March"":1,""April"":0,""November"":0,""October"":1,""December"":0,""January"":0,""August"":0,""February"":0,""September"":0,""May"":1}",NA,7051,NA,NA,"2019-06-05 12:55:09",37739
"c9a66f27e1ceced4bf6de7e003821e9d","cs_wg_mon_conf_choice_neg_real1","3XUHV3NRVL56EOQ7YH6R1R5P6IOH5N",1,"choice-set",2,"[]",2,"-1","-1","-1",NA,0,"{""September"":0,""July"":1,""February"":0,""June"":1,""December"":1,""October"":0,""April"":1,""November"":0,""January"":0,""May"":0,""August"":1,""March"":1}",NA,8019,NA,NA,"2019-06-05 12:56:03",37740
"b936fcf77fd93c1aaeb4df5af494744a","cs_wg_mon_conf_choice_neg_real1","3VHHR074H4ONNONGDV0MR3CSE5S7LZ",1,"Third letter late",0,"[14,2,18,18,25,14,12,7,16,20,22,3]",0,"NULL","NULL","NULL",NA,0,"June",NA,16000,NA,NA,"2019-06-05 12:58:26",37741
"63808be1c63fd7efa2d45a5cb4af1842","cs_wg_mon_conf_choice_neg_real1","3A9AA95ATXTYR5OVHUEWA07GS91P53",0,"Third letter late",0,"[14,2,18,18,25,14,12,7,16,20,22,3]",0,"NULL","NULL","NULL",NA,0,"september",NA,16000,NA,NA,"2019-06-05 12:58:33",37742
"4c220e287216a2caa8016945b120d1fc","cs_wg_mon_conf_choice_neg_real1","3137ONMDKHCSABOPPCHCKLZ14BAEGM",0,"Third letter late",0,"[14,2,18,18,25,14,12,7,16,20,22,3]",0,"NULL","NULL","NULL",NA,0,"July
",NA,16000,NA,NA,"2019-06-05 12:58:44",37743
"4c220e287216a2caa8016945b120d1fc","cs_wg_mon_conf_choice_neg_real1","3137ONMDKHCSABOPPCHCKLZ14BAEGM",0,"choice-set",2,"[]",2,"-1","-1","-1",NA,0,"{""March"":0,""November"":0,""April"":1,""October"":0,""December"":0,""February"":1,""July"":1,""June"":1,""January"":1,""September"":0,""August"":0,""May"":0}",NA,1869,NA,NA,"2019-06-05 12:59:37",37744
"b936fcf77fd93c1aaeb4df5af494744a","cs_wg_mon_conf_choice_neg_real1","3VHHR074H4ONNONGDV0MR3CSE5S7LZ",1,"choice-set",2,"[]",2,"-1","-1","-1",NA,0,"{""November"":0,""June"":1,""July"":0,""April"":1,""February"":1,""May"":0,""August"":1,""December"":0,""March"":0,""October"":0,""January"":1,""September"":1}",NA,1522,NA,NA,"2019-06-05 12:59:43",37745
"63808be1c63fd7efa2d45a5cb4af1842","cs_wg_mon_conf_choice_neg_real1","3A9AA95ATXTYR5OVHUEWA07GS91P53",0,"choice-set",2,"[]",2,"-1","-1","-1",NA,0,"{""January"":1,""June"":0,""September"":1,""March"":0,""April"":1,""May"":0,""July"":1,""February"":0,""August"":1,""November"":1,""December"":0,""October"":1}",NA,6009,NA,NA,"2019-06-05 12:59:55",37746
"0a518354f325545f8c4d87140d258cb0","cs_wg_mon_conf_choice_neg_real1","3UOUJI6MTELKLTG14MWLCPLZTP0UXB",1,"Third letter late",0,"[14,2,18,18,25,14,12,7,16,20,22,3]",0,"NULL","NULL","NULL",NA,0,"november
november",NA,16000,NA,NA,"2019-06-05 13:00:17",37747
"0a518354f325545f8c4d87140d258cb0","cs_wg_mon_conf_choice_neg_real1","3UOUJI6MTELKLTG14MWLCPLZTP0UXB",1,"choice-set",2,"[]",2,"-1","-1","-1",NA,0,"{""November"":1,""September"":0,""March"":0,""May"":0,""October"":0,""August"":0,""February"":0,""January"":0,""July"":0,""June"":0,""April"":0,""December"":1}",NA,2100,NA,NA,"2019-06-05 13:01:15",37748
"9f9274320ba2d44ea4cd6f1756889743","cs_wg_mon_conf_choice_neg_real1","38JBBYETQPHCYVV5UBFBBW2YE61E4Z",0,"Third letter late",0,"[14,2,18,18,25,14,12,7,16,20,22,3]",0,"NULL","NULL","NULL",NA,0,"december",NA,16000,NA,NA,"2019-06-05 13:01:36",37749
"5ac7fbfeee301665ee291cb2d9b2efb5","cs_wg_mon_conf_choice_neg_real1","3C2NJ6JBKBO6PNTVJWZ684Z98K62NG",0,"Third letter late",0,"[14,2,18,18,25,14,12,7,16,20,22,3]",0,"NULL","NULL","NULL",NA,0,"January
",NA,16000,NA,NA,"2019-06-05 13:02:41",37750
"000547a3988cbabc201f1ba00cedf11f","cs_wg_mon_conf_choice_neg_real1","3B1NLC6UG03W72DFYQXNEXY5IICPGI",1,"Third letter late",0,"[14,2,18,18,25,14,12,7,16,20,22,3]",0,"NULL","NULL","NULL",NA,0,"october",NA,16000,NA,NA,"2019-06-05 13:03:24",37751
"9f9274320ba2d44ea4cd6f1756889743","cs_wg_mon_conf_choice_neg_real1","38JBBYETQPHCYVV5UBFBBW2YE61E4Z",0,"choice-set",2,"[]",2,"-1","-1","-1",NA,0,"{""December"":1,""August"":0,""May"":0,""February"":0,""March"":0,""October"":0,""July"":0,""September"":0,""January"":0,""June"":0,""November"":0,""April"":1}",NA,23804,NA,NA,"2019-06-05 13:03:29",37752
"3dd3d0658ef341267313d8148e62bc6c","cs_wg_mon_conf_choice_neg_real1","32XVDSJFP040758V7VK6VPA93UW2MG",0,"Third letter late",0,"[14,2,18,18,25,14,12,7,16,20,22,3]",0,"NULL","NULL","NULL",NA,0,"may
may
august
april
june
july
",NA,16000,NA,NA,"2019-06-05 13:03:46",37753
"5ac7fbfeee301665ee291cb2d9b2efb5","cs_wg_mon_conf_choice_neg_real1","3C2NJ6JBKBO6PNTVJWZ684Z98K62NG",0,"choice-set",2,"[]",2,"-1","-1","-1",NA,0,"{""September"":0,""December"":0,""July"":0,""November"":0,""August"":0,""February"":1,""May"":0,""March"":0,""October"":1,""April"":1,""June"":0,""January"":1}",NA,4539,NA,NA,"2019-06-05 13:04:28",37754
"3dd3d0658ef341267313d8148e62bc6c","cs_wg_mon_conf_choice_neg_real1","32XVDSJFP040758V7VK6VPA93UW2MG",0,"choice-set",2,"[]",2,"-1","-1","-1",NA,0,"{""December"":0,""June"":1,""July"":0,""April"":0,""October"":0,""November"":0,""March"":1,""January"":0,""September"":0,""August"":0,""May"":0,""February"":0}",NA,9945,NA,NA,"2019-06-05 13:04:55",37755
"000547a3988cbabc201f1ba00cedf11f","cs_wg_mon_conf_choice_neg_real1","3B1NLC6UG03W72DFYQXNEXY5IICPGI",1,"choice-set",2,"[]",2,"-1","-1","-1",NA,0,"{""June"":0,""October"":1,""March"":1,""February"":0,""January"":0,""November"":0,""July"":1,""December"":0,""August"":0,""April"":0,""September"":0,""May"":1}",NA,11528,NA,NA,"2019-06-05 13:05:33",37756
"17b37fdead24940016a88b52252fcde2","cs_wg_mon_conf_choice_neg_real1","3TK8OJTYM2SFPZ3ANLW9EY1F5X0PV7",1,"Third letter late",0,"[14,2,18,18,25,14,12,7,16,20,22,3]",0,"NULL","NULL","NULL",NA,0,"June",NA,16000,NA,NA,"2019-06-05 13:06:13",37757
"17b37fdead24940016a88b52252fcde2","cs_wg_mon_conf_choice_neg_real1","3TK8OJTYM2SFPZ3ANLW9EY1F5X0PV7",1,"choice-set",2,"[]",2,"-1","-1","-1",NA,0,"{""December"":0,""November"":0,""August"":0,""October"":1,""April"":0,""September"":0,""July"":0,""February"":0,""January"":0,""March"":1,""June"":1,""May"":1}",NA,2993,NA,NA,"2019-06-05 13:07:05",37758
"0efd4dc2a0e5ee86a967067fe9ef9545","cs_wg_mon_conf_choice_neg_real1","3RRCEFRB7NJERSJLKKDLAOWDB9OB4W",1,"Third letter late",0,"[14,2,18,18,25,14,12,7,16,20,22,3]",0,"NULL","NULL","NULL",NA,0,"march",NA,16000,NA,NA,"2019-06-05 13:08:07",37759
"0efd4dc2a0e5ee86a967067fe9ef9545","cs_wg_mon_conf_choice_neg_real1","3RRCEFRB7NJERSJLKKDLAOWDB9OB4W",1,"choice-set",2,"[]",2,"-1","-1","-1",NA,0,"{""July"":0,""December"":0,""March"":1,""February"":1,""October"":1,""January"":0,""June"":1,""May"":0,""August"":1,""April"":0,""November"":1,""September"":0}",NA,4816,NA,NA,"2019-06-05 13:09:24",37760
"8e14befbeffb3248062e95aefa00982b","cs_wg_mon_conf_choice_neg_real1","3Z3ZLGNNSJ1GD2263O5SV8Z6J9UQ33",0,"Third letter late",0,"[14,2,18,18,25,14,12,7,16,20,22,3]",0,"NULL","NULL","NULL",NA,0,"June
june",NA,16000,NA,NA,"2019-06-05 13:10:08",37761
"8e14befbeffb3248062e95aefa00982b","cs_wg_mon_conf_choice_neg_real1","3Z3ZLGNNSJ1GD2263O5SV8Z6J9UQ33",0,"choice-set",2,"[]",2,"-1","-1","-1",NA,0,"{""March"":0,""July"":0,""November"":0,""December"":0,""February"":0,""September"":0,""October"":0,""April"":0,""August"":0,""January"":0,""May"":0,""June"":1}",NA,2572,NA,NA,"2019-06-05 13:11:11",37762
"ad51aec9577bfe5d79331e2401fd7f4d","cs_wg_mon_conf_choice_neg_real1","33LK57MYLUCTBBOCGZP6U9JMGSCZSW",0,"Third letter late",0,"[14,2,18,18,25,14,12,7,16,20,22,3]",0,"NULL","NULL","NULL",NA,0,"January",NA,16000,NA,NA,"2019-06-05 13:13:29",37763
"ad51aec9577bfe5d79331e2401fd7f4d","cs_wg_mon_conf_choice_neg_real1","33LK57MYLUCTBBOCGZP6U9JMGSCZSW",0,"choice-set",2,"[]",2,"-1","-1","-1",NA,0,"{""June"":0,""October"":0,""February"":0,""December"":0,""March"":0,""September"":1,""July"":0,""April"":0,""August"":0,""January"":1,""November"":0,""May"":0}",NA,3811,NA,NA,"2019-06-05 13:14:39",37764
"04b157ee2bd0e26eaa3b97eddf4e22c2","cs_wg_mon_conf_choice_neg_real1","3LRLIPTPERGUMK3WZY05MU13QDZAKW",1,"Third letter late",0,"[14,2,18,18,25,14,12,7,16,20,22,3]",0,"NULL","NULL","NULL",NA,0,"May",NA,16000,NA,NA,"2019-06-05 13:14:54",37765
"04b157ee2bd0e26eaa3b97eddf4e22c2","cs_wg_mon_conf_choice_neg_real1","3LRLIPTPERGUMK3WZY05MU13QDZAKW",1,"choice-set",2,"[]",2,"-1","-1","-1",NA,0,"{""June"":1,""February"":0,""August"":0,""May"":1,""December"":0,""March"":1,""January"":0,""October"":1,""July"":1,""April"":1,""September"":0,""November"":0}",NA,6345,NA,NA,"2019-06-05 13:16:02",37766
"c0c39a555a9d772b85aff12a195872a6","cs_wg_mon_conf_choice_neg_real1","3DPNQGW4LMM8LG2QOTWDZ8ALX8I469",1,"Third letter late",0,"[14,2,18,18,25,14,12,7,16,20,22,3]",0,"NULL","NULL","NULL",NA,0,"",NA,16000,NA,NA,"2019-06-05 13:19:23",37767
"c0c39a555a9d772b85aff12a195872a6","cs_wg_mon_conf_choice_neg_real1","3DPNQGW4LMM8LG2QOTWDZ8ALX8I469",1,"choice-set",2,"[]",2,"-1","-1","-1",NA,0,"{""July"":1,""December"":1,""October"":1,""February"":1,""August"":1,""June"":1,""January"":1,""September"":1,""April"":1,""November"":1,""March"":1,""May"":1}",NA,36403,NA,NA,"2019-06-05 13:21:57",37768
"87fb85e89d2b87e37dc90d0bf2159a9c","cs_wg_mon_conf_choice_neg_real1","3MD9PLUKKJLWVYW7838KVF9GTTCZNS",1,"Third letter late",0,"[14,2,18,18,25,14,12,7,16,20,22,3]",0,"NULL","NULL","NULL",NA,0,"December",NA,16000,NA,NA,"2019-06-05 13:22:14",37769
"87fb85e89d2b87e37dc90d0bf2159a9c","cs_wg_mon_conf_choice_neg_real1","3MD9PLUKKJLWVYW7838KVF9GTTCZNS",1,"choice-set",2,"[]",2,"-1","-1","-1",NA,0,"{""November"":0,""March"":0,""February"":0,""July"":1,""April"":0,""June"":0,""December"":1,""August"":0,""October"":0,""January"":1,""September"":0,""May"":0}",NA,25651,NA,NA,"2019-06-05 13:23:34",37770
"2a13a769e237299d2cd7ac70ee2756df","cs_wg_mon_conf_choice_neg_real1","3DHE4R9OCXI0FVC9WSMBIKQC78K2G8",1,"Third letter late",0,"[14,2,18,18,25,14,12,7,16,20,22,3]",0,"NULL","NULL","NULL",NA,0,"december
december",NA,16000,NA,NA,"2019-06-05 13:25:10",37771
"2a13a769e237299d2cd7ac70ee2756df","cs_wg_mon_conf_choice_neg_real1","3DHE4R9OCXI0FVC9WSMBIKQC78K2G8",1,"choice-set",2,"[]",2,"-1","-1","-1",NA,0,"{""November"":0,""December"":1,""September"":0,""October"":0,""June"":0,""February"":1,""May"":0,""July"":0,""January"":1,""August"":0,""March"":0,""April"":0}",NA,4985,NA,NA,"2019-06-05 13:26:41",37772
"2c598a59c17d2898b881c63e3139696c","cs_wg_mon_conf_choice_neg_real1","3T111IHZ5FX2456MXCV2RBCXFNA9R8",0,"Third letter late",0,"[14,2,18,18,25,14,12,7,16,20,22,3]",0,"NULL","NULL","NULL",NA,0,"november
",NA,16000,NA,NA,"2019-06-05 13:30:54",37773
"2c598a59c17d2898b881c63e3139696c","cs_wg_mon_conf_choice_neg_real1","3T111IHZ5FX2456MXCV2RBCXFNA9R8",0,"choice-set",2,"[]",2,"-1","-1","-1",NA,0,"{""November"":1,""July"":0,""September"":0,""March"":0,""January"":0,""June"":0,""February"":0,""October"":1,""April"":0,""December"":0,""August"":1,""May"":0}",NA,2111,NA,NA,"2019-06-05 13:31:51",37774
"0512c35574cf0fe0e6bf4b1816dc4665","cs_wg_mon_conf_choice_neg_real1","31T4R4OBOTNUKKTA0I7NOKM5KWGC7Q",0,"Third letter late",0,"[14,2,18,18,25,14,12,7,16,20,22,3]",0,"NULL","NULL","NULL",NA,0,"june",NA,16000,NA,NA,"2019-06-05 13:33:17",37775
"62590a064e5170287badcb55ef4927d4","cs_wg_mon_conf_choice_neg_real1","379J5II41PN8W32Q03ESXD490S1ELX",1,"Third letter late",0,"[14,2,18,18,25,14,12,7,16,20,22,3]",0,"NULL","NULL","NULL",NA,0,"MAY",NA,16000,NA,NA,"2019-06-05 13:33:28",37776
"62590a064e5170287badcb55ef4927d4","cs_wg_mon_conf_choice_neg_real1","379J5II41PN8W32Q03ESXD490S1ELX",1,"choice-set",2,"[]",2,"-1","-1","-1",NA,0,"{""February"":1,""May"":1,""September"":1,""June"":0,""March"":0,""April"":0,""November"":0,""January"":0,""July"":0,""October"":0,""December"":0,""August"":1}",NA,5989,NA,NA,"2019-06-05 13:35:22",37777
"59deac343ea2a9d128767aaefccceee4","cs_wg_mon_conf_choice_neg_real1","373ERPL3YPFLOKF0VI0JIBD99U9RTM",0,"Third letter late",0,"[14,2,18,18,25,14,12,7,16,20,22,3]",0,"NULL","NULL","NULL",NA,0,"june",NA,16000,NA,NA,"2019-06-05 13:36:09",37778
"59deac343ea2a9d128767aaefccceee4","cs_wg_mon_conf_choice_neg_real1","373ERPL3YPFLOKF0VI0JIBD99U9RTM",0,"choice-set",2,"[]",2,"-1","-1","-1",NA,0,"{""August"":0,""May"":1,""January"":0,""July"":1,""September"":0,""April"":1,""December"":0,""October"":0,""November"":0,""February"":0,""June"":1,""March"":0}",NA,6364,NA,NA,"2019-06-05 13:37:13",37779
"0512c35574cf0fe0e6bf4b1816dc4665","cs_wg_mon_conf_choice_neg_real1","31T4R4OBOTNUKKTA0I7NOKM5KWGC7Q",0,"choice-set",2,"[]",2,"-1","-1","-1",NA,0,"{""January"":0,""November"":0,""August"":1,""February"":0,""June"":1,""May"":0,""October"":0,""December"":1,""September"":1,""March"":1,""April"":0,""July"":0}",NA,149516,NA,NA,"2019-06-05 13:37:21",37780
"94346235f869f8be826c8261bc17a024","cs_wg_mon_conf_choice_neg_real1","3HWRJOOET69V0GXGKCBT9ZI4SMEESG",0,"Third letter late",0,"[14,2,18,18,25,14,12,7,16,20,22,3]",0,"NULL","NULL","NULL",NA,0,"February",NA,16000,NA,NA,"2019-06-05 13:37:32",37781
"94346235f869f8be826c8261bc17a024","cs_wg_mon_conf_choice_neg_real1","3HWRJOOET69V0GXGKCBT9ZI4SMEESG",0,"choice-set",2,"[]",2,"-1","-1","-1",NA,0,"{""December"":0,""June"":0,""August"":0,""September"":0,""January"":0,""October"":0,""March"":0,""February"":1,""April"":0,""May"":0,""November"":0,""July"":0}",NA,3369,NA,NA,"2019-06-05 13:38:34",37782
"2ff53f85b0cabba06e4e046151911f8e","cs_wg_mon_conf_choice_neg_real1","386PBUZZXG4G7JOIE4PJUTH1500LJS",1,"Third letter late",0,"[14,2,18,18,25,14,12,7,16,20,22,3]",0,"NULL","NULL","NULL",NA,0,"September",NA,16000,NA,NA,"2019-06-05 13:40:07",37783
"5fc63d1fbaf03cf3340c1b05a0678e10","cs_wg_mon_conf_choice_neg_real1","3BV8HQ2ZZX8NN5I7XU64CBWLPI9A6L",1,"Third letter late",0,"[14,2,18,18,25,14,12,7,16,20,22,3]",0,"NULL","NULL","NULL",NA,0,"December",NA,16000,NA,NA,"2019-06-05 13:40:09",37784
"5fc63d1fbaf03cf3340c1b05a0678e10","cs_wg_mon_conf_choice_neg_real1","3BV8HQ2ZZX8NN5I7XU64CBWLPI9A6L",1,"choice-set",2,"[]",2,"-1","-1","-1",NA,0,"{""May"":0,""March"":0,""October"":0,""April"":0,""February"":1,""July"":0,""June"":0,""November"":0,""September"":1,""August"":0,""December"":1,""January"":0}",NA,1861,NA,NA,"2019-06-05 13:41:05",37785
"feb6494ce5ca78d031449466d5a65e86","cs_wg_mon_conf_choice_neg_real1","33TIN5LC05HB16I8B7NWZ75UIAS9YD",1,"Third letter late",0,"[14,2,18,18,25,14,12,7,16,20,22,3]",0,"NULL","NULL","NULL",NA,0,"December",NA,16000,NA,NA,"2019-06-05 13:41:22",37786
"2ff53f85b0cabba06e4e046151911f8e","cs_wg_mon_conf_choice_neg_real1","386PBUZZXG4G7JOIE4PJUTH1500LJS",1,"choice-set",2,"[]",2,"-1","-1","-1",NA,0,"{""January"":0,""September"":1,""June"":0,""March"":0,""July"":0,""February"":1,""May"":0,""December"":1,""April"":0,""October"":0,""August"":0,""November"":0}",NA,22372,NA,NA,"2019-06-05 13:41:26",37787
"b0fe66a203b64dfaa5219940dad226e4","cs_wg_mon_conf_choice_neg_real1","33PPUNGG39CHAWOZ1AP14ZEQUQYRZ5",1,"Third letter late",0,"[14,2,18,18,25,14,12,7,16,20,22,3]",0,"NULL","NULL","NULL",NA,0,"November
November",NA,16000,NA,NA,"2019-06-05 13:41:51",37788
"842835d00356cefce4c856db0c859733","cs_wg_mon_conf_choice_neg_real1","3O6CYIULEE85WTBBUH0ZA67SKN1UWP",0,"Third letter late",0,"[14,2,18,18,25,14,12,7,16,20,22,3]",0,"NULL","NULL","NULL",NA,0,"August",NA,16000,NA,NA,"2019-06-05 13:42:16",37789
"feb6494ce5ca78d031449466d5a65e86","cs_wg_mon_conf_choice_neg_real1","33TIN5LC05HB16I8B7NWZ75UIAS9YD",1,"choice-set",2,"[]",2,"-1","-1","-1",NA,0,"{""February"":0,""July"":0,""June"":0,""April"":1,""October"":0,""December"":1,""January"":0,""August"":1,""March"":0,""May"":1,""September"":0,""November"":0}",NA,5003,NA,NA,"2019-06-05 13:42:21",37790
"b0fe66a203b64dfaa5219940dad226e4","cs_wg_mon_conf_choice_neg_real1","33PPUNGG39CHAWOZ1AP14ZEQUQYRZ5",1,"choice-set",2,"[]",2,"-1","-1","-1",NA,0,"{""November"":1,""February"":0,""August"":0,""July"":0,""December"":0,""October"":0,""September"":0,""May"":0,""April"":1,""June"":0,""January"":0,""March"":0}",NA,23477,NA,NA,"2019-06-05 13:43:22",37791
"22a7d158badad91f5e1366d10f2a92b9","cs_wg_mon_conf_choice_neg_real1","3SPJ033422A07IVHXJE9O1JXEFWJYA",0,"Third letter late",0,"[14,2,18,18,25,14,12,7,16,20,22,3]",0,"NULL","NULL","NULL",NA,0,"5www",NA,16000,NA,NA,"2019-06-05 13:43:26",37792
"842835d00356cefce4c856db0c859733","cs_wg_mon_conf_choice_neg_real1","3O6CYIULEE85WTBBUH0ZA67SKN1UWP",0,"choice-set",2,"[]",2,"-1","-1","-1",NA,0,"{""September"":0,""August"":1,""May"":0,""January"":0,""December"":0,""April"":1,""June"":1,""March"":0,""July"":0,""November"":0,""October"":0,""February"":1}",NA,6906,NA,NA,"2019-06-05 13:43:50",37793
"22a7d158badad91f5e1366d10f2a92b9","cs_wg_mon_conf_choice_neg_real1","3SPJ033422A07IVHXJE9O1JXEFWJYA",0,"choice-set",2,"[]",2,"-1","-1","-1",NA,0,"{""March"":1,""September"":0,""January"":1,""February"":1,""November"":1,""July"":1,""June"":1,""December"":1,""October"":1,""August"":1,""April"":1,""May"":1}",NA,10344,NA,NA,"2019-06-05 13:44:49",37794
"d047620767295e52b451b9d138af0ed8","cs_wg_mon_conf_choice_neg_real1","39JEC7537V8WVAU6IGA3UY286ELCVG",0,"Third letter late",0,"[14,2,18,18,25,14,12,7,16,20,22,3]",0,"NULL","NULL","NULL",NA,0,"July",NA,16000,NA,NA,"2019-06-05 13:45:43",37795
"d047620767295e52b451b9d138af0ed8","cs_wg_mon_conf_choice_neg_real1","39JEC7537V8WVAU6IGA3UY286ELCVG",0,"choice-set",2,"[]",2,"-1","-1","-1",NA,0,"{""October"":0,""May"":0,""July"":1,""December"":0,""March"":1,""January"":0,""February"":0,""April"":0,""August"":1,""June"":1,""September"":0,""November"":1}",NA,17900,NA,NA,"2019-06-05 13:47:14",37796
"4c28d82b2c1f67f930823dc5db4337ac","cs_wg_mon_conf_choice_neg_real1","3OS46CRSLG67FTL58PX08YAYASK6VS",0,"Third letter late",0,"[14,2,18,18,25,14,12,7,16,20,22,3]",0,"NULL","NULL","NULL",NA,0,"July
JU",NA,16000,NA,NA,"2019-06-05 13:53:27",37797
"e5f9dc7ef4e232d7fb6f2cb2827b744a","cs_wg_mon_conf_choice_neg_real1","3RKNTXVS3N598IETE6DPFDC7TR3A40",0,"Third letter late",0,"[14,2,18,18,25,14,12,7,16,20,22,3]",0,"NULL","NULL","NULL",NA,0,"April",NA,16000,NA,NA,"2019-06-05 13:54:20",37798
"e5f9dc7ef4e232d7fb6f2cb2827b744a","cs_wg_mon_conf_choice_neg_real1","3RKNTXVS3N598IETE6DPFDC7TR3A40",0,"choice-set",2,"[]",2,"-1","-1","-1",NA,0,"{""March"":0,""August"":1,""May"":1,""June"":1,""April"":1,""October"":0,""February"":0,""December"":0,""July"":1,""November"":0,""January"":0,""September"":1}",NA,11252,NA,NA,"2019-06-05 13:55:48",37799
"90e4387d38cf2d202dcd107799116027","cs_wg_mon_conf_choice_neg_real1","3QJOXOW4XKYS2LKB0FF7XQJY0XNME3",0,"Third letter late",0,"[14,2,18,18,25,14,12,7,16,20,22,3]",0,"NULL","NULL","NULL",NA,0,"december
de",NA,16000,NA,NA,"2019-06-05 13:56:11",37800
"4c28d82b2c1f67f930823dc5db4337ac","cs_wg_mon_conf_choice_neg_real1","3OS46CRSLG67FTL58PX08YAYASK6VS",0,"choice-set",2,"[]",2,"-1","-1","-1",NA,0,"{""December"":0,""February"":1,""August"":1,""September"":0,""October"":0,""June"":1,""July"":1,""January"":0,""April"":0,""May"":1,""November"":0,""March"":0}",NA,50712,NA,NA,"2019-06-05 13:56:34",37801
"5c9cfc553ee7c73646fade4630a1e873","cs_wg_mon_conf_choice_neg_real1","30X31N5D64XSA3G44797DGSD77HSA0",0,"Third letter late",0,"[14,2,18,18,25,14,12,7,16,20,22,3]",0,"NULL","NULL","NULL",NA,0,"5

5",NA,16000,NA,NA,"2019-06-05 13:57:29",37802
"90e4387d38cf2d202dcd107799116027","cs_wg_mon_conf_choice_neg_real1","3QJOXOW4XKYS2LKB0FF7XQJY0XNME3",0,"choice-set",2,"[]",2,"-1","-1","-1",NA,0,"{""April"":0,""July"":0,""March"":1,""May"":0,""January"":0,""September"":0,""June"":0,""October"":0,""February"":0,""August"":0,""December"":1,""November"":0}",NA,8666,NA,NA,"2019-06-05 13:57:40",37803
"5c9cfc553ee7c73646fade4630a1e873","cs_wg_mon_conf_choice_neg_real1","30X31N5D64XSA3G44797DGSD77HSA0",0,"choice-set",2,"[]",2,"-1","-1","-1",NA,0,"{""September"":1,""December"":1,""May"":1,""April"":1,""February"":1,""August"":1,""January"":1,""October"":1,""March"":1,""November"":1,""July"":1,""June"":1}",NA,12388,NA,NA,"2019-06-05 13:59:12",37804
"3b462e7a5f3459b379d5e994d6417c5e","cs_wg_mon_conf_choice_neg_real1","3U4J9857OFIBAF14MIBSD0GN2BE7BC",1,"Third letter late",0,"[14,2,18,18,25,14,12,7,16,20,22,3]",0,"NULL","NULL","NULL",NA,0,"september",NA,16000,NA,NA,"2019-06-05 14:00:06",37805
"3b462e7a5f3459b379d5e994d6417c5e","cs_wg_mon_conf_choice_neg_real1","3U4J9857OFIBAF14MIBSD0GN2BE7BC",1,"choice-set",2,"[]",2,"-1","-1","-1",NA,0,"{""August"":0,""November"":0,""December"":0,""October"":1,""February"":0,""January"":0,""September"":1,""April"":0,""May"":0,""March"":0,""June"":0,""July"":0}",NA,2211,NA,NA,"2019-06-05 14:01:16",37806
"1f6ae04d88f06ffdffc544c4768b4566","cs_wg_mon_conf_choice_neg_real1","3C6FJU71TR09LY6B9IINV3S8VV1UYO",0,"Third letter late",0,"[14,2,18,18,25,14,12,7,16,20,22,3]",0,"NULL","NULL","NULL",NA,0,"January",NA,16000,NA,NA,"2019-06-05 14:11:12",37807
"1f6ae04d88f06ffdffc544c4768b4566","cs_wg_mon_conf_choice_neg_real1","3C6FJU71TR09LY6B9IINV3S8VV1UYO",0,"choice-set",2,"[]",2,"-1","-1","-1",NA,0,"{""April"":1,""November"":0,""February"":1,""June"":0,""September"":0,""December"":1,""October"":1,""January"":1,""August"":0,""March"":0,""July"":0,""May"":1}",NA,66126,NA,NA,"2019-06-05 14:13:58",37808
"1ea58f2da567c26abbadfd5e7e1dd1a1","cs_wg_mon_conf_choice_neg_real1","3FTF2T8WLSP7C1N8W658EAKE72S9WE",0,"Third letter late",0,"[14,2,18,18,25,14,12,7,16,20,22,3]",0,"NULL","NULL","NULL",NA,0,"april
a",NA,16000,NA,NA,"2019-06-05 14:18:17",37809
"1ea58f2da567c26abbadfd5e7e1dd1a1","cs_wg_mon_conf_choice_neg_real1","3FTF2T8WLSP7C1N8W658EAKE72S9WE",0,"choice-set",2,"[]",2,"-1","-1","-1",NA,0,"{""October"":0,""September"":0,""May"":1,""March"":1,""April"":1,""December"":0,""August"":0,""July"":0,""February"":0,""June"":0,""January"":0,""November"":0}",NA,4955,NA,NA,"2019-06-05 14:19:31",37810
"6fc6baaaf4dcd9a93af0354ddf2fb11c","cs_wg_mon_conf_choice_neg_real1","3SB5N7Y3O4BTJL9VH5IXZWXXAAPG0R",1,"Third letter late",0,"[14,2,18,18,25,14,12,7,16,20,22,3]",0,"NULL","NULL","NULL",NA,0,"February",NA,16000,NA,NA,"2019-06-05 14:46:48",37811
"6fc6baaaf4dcd9a93af0354ddf2fb11c","cs_wg_mon_conf_choice_neg_real1","3SB5N7Y3O4BTJL9VH5IXZWXXAAPG0R",1,"choice-set",2,"[]",2,"-1","-1","-1",NA,0,"{""January"":0,""October"":0,""February"":1,""August"":0,""November"":0,""September"":1,""March"":1,""May"":1,""April"":0,""December"":0,""June"":1,""July"":1}",NA,8449,NA,NA,"2019-06-05 14:48:12",37812
